place_id,business_name,first_name,email,phone,address,city,state,rating,review_count,website,track,flaw,niche,quality_score,slug,status,date_found
ChIJR2zdhF7FQIYRhwr8uHtyoRA,Rock-it Junk Removal,Owner,,(832) 875-0126,"838 Woolworth St #77020, Houston, TX 77020, USA",Houston,TX,5,103,none,B,no website,junk removal,1,rock-it-junk-removal-houston,,2026-04-15
ChIJqbjbRwDHQIYRj25ccbIARGg,Smell The Flores Hauling Junk Removal,Owner,,(832) 960-2736,"1913 Pech Rd, Houston, TX 77055, USA",Houston,TX,5,60,none,B,no website,junk removal,1,smell-the-flores-hauling-junk-removal-houston,,2026-04-15
ChIJX_WhNOzHQIYREuqbd1P5X4w,Bolt Junk Removal,Owner,,(713) 678-0975,"1415 N Loop W 300-14 #1017, Houston, TX 77008, USA",Houston,TX,5,64,none,B,no website,junk removal,1,bolt-junk-removal-houston,,2026-04-15
ChIJZ0mWuK9gXIYROLk3R6eQodI,JL Junk Removal,Owner,,(210) 683-3124,"10038 Bermuda Palm, San Antonio, TX 78245, USA",San Antonio,TX,4.9,735,none,B,no website,junk removal,1,jl-junk-removal-san,,2026-04-15
ChIJD3dLcvZZXIYRlZwvjAiDIog,210 Junk Removal,Owner,,(210) 837-2697,"7258 Hickory Grove Dr, San Antonio, TX 78227, USA",San Antonio,TX,5,528,none,B,no website,junk removal,1,210-junk-removal-san,,2026-04-15
ChIJJ0anRRVfXIYRDSgA5Fic_Dw,Next Level Junk Removal,Owner,,(210) 334-9639,"2649 W Mulberry Ave, San Antonio, TX 78228, USA",San Antonio,TX,5,33,none,B,no website,junk removal,1,next-level-junk-removal-san,,2026-04-15
ChIJ_wCg_dcHXYYRdK1zPHhp0dI,The Muscle M&D Hauling And Junk Removal,Owner,,(210) 776-0871,"12951 Huebner Rd STE. 781146, San Antonio, TX 78230, USA",San Antonio,TX,5,28,none,B,no website,junk removal,1,the-muscle-m-d-hauling-and-junk-removal-san,,2026-04-15
ChIJp1Ba-gWCl2ERAPLx_O1E-YU,Lade Back Junk Removal & Hauling,Owner,,(512) 825-9560,"4311 Hank Ave, Austin, TX 78745, USA",Austin,TX,5,37,none,B,no website,junk removal,1,lade-back-junk-removal-hauling-austin,,2026-04-15
ChIJyUvcc33FQIYRgVQNobvlAes,Houston Pest Control,Owner,,(346) 394-7656,"8581 Woodway Dr, Houston, TX 77063, USA",Houston,TX,4.7,349,none,B,no website,pest control,1,houston-pest-control-houston,,2026-04-15
ChIJl-8Id_WBhYAR7bZ9xwo8gzU,Simplified Pest Control,Owner,,(346) 440-3957,"7909 Sexton St, Houston, TX 77028, USA",Houston,TX,4.9,119,none,B,no website,pest control,1,simplified-pest-control-houston,,2026-04-15
ChIJT29TQi26QIYRocNKycoURt4,Jenkins Pest Control,Owner,,(832) 709-7378,"7115 Apache St, Houston, TX 77028, USA",Houston,TX,4.7,63,none,B,no website,pest control,1,jenkins-pest-control-houston,,2026-04-15
ChIJ7_wdizRfXIYR_qwozD-7PiE,A-Bug Pest Control LLC,Owner,,(210) 533-2284,"363 Langton Dr, San Antonio, TX 78216, USA",San Antonio,TX,4.9,34,none,B,no website,pest control,1,a-bug-pest-control-llc-san,,2026-04-15
ChIJGxEPXOv0XIYRecBEsjekpW8,Castech Pest Control,Owner,,(726) 200-2127,"1284 Holbrook Rd, San Antonio, TX 78218, USA",San Antonio,TX,4.9,10,none,B,no website,pest control,1,castech-pest-control-san,,2026-04-15
ChIJwxFJDv9tK4cRMglxKxO_6DU,"Eliminex Pest, Termite & Weed Control",Owner,,(602) 942-2847,"2338 W Royal Palm Rd suite g, Phoenix, AZ 85021, USA",Phoenix,AZ,4.9,174,none,B,no website,pest control,1,eliminex-pest-termite-weed-control-phoenix,,2026-04-15
ChIJve8S9K921oYRiHOuIqE02U0,Preventative Pest Control,Owner,,(520) 293-1555,"1955 W Grant Rd Suite 125M, Tucson, AZ 85745, USA",Tucson,AZ,5,10,none,B,no website,pest control,1,preventative-pest-control-tucson,,2026-04-15
ChIJmbRI8w5_q4QRKaz39oSTzgM,First Aid Plumbing Specialist INC,Owner,,(832) 279-3065,"9847 Sageroyal Ln, Houston, TX 77089, USA",Houston,TX,4.9,51,none,B,no website,plumber,1,first-aid-plumbing-specialist-inc-houston,,2026-04-15
ChIJVbPx1rdeXIYRaSz9LIsTxtw,Ajax Plumbing and Water Leaks,Owner,,(210) 434-2303,"4511 W Commerce St, San Antonio, TX 78237, USA",San Antonio,TX,4.6,465,none,B,no website,plumber,1,ajax-plumbing-and-water-leaks-san,,2026-04-15
ChIJ-ao-OjJLW4YRXWoyhpNiMic,Austin Plumbing Experts,Owner,,(512) 938-5056,"3300 Bee Caves Rd, Austin, TX 78746, USA",Austin,TX,5,14,none,B,no website,plumber,1,austin-plumbing-experts-austin,,2026-04-15
ChIJVSvTrP0TK4cRuabH0bqQOls,Phoenix Plumbers & Drain Clean Services,Owner,,(520) 482-1068,"1613 E McDowell Rd, Phoenix, AZ 85006, USA",Phoenix,AZ,4.9,44,none,B,no website,plumber,1,phoenix-plumbers-drain-clean-services-phoenix,,2026-04-15
ChIJ34bFM0ZBDoMRc6PkywAYC_o,Ace Plumbers Phoenix AZ,Owner,,(602) 603-4819,"10521 Cll De Las Casitas, Phoenix, AZ 85037, USA",Phoenix,AZ,4.9,31,none,B,no website,plumber,1,ace-plumbers-phoenix-az-phoenix,,2026-04-15
ChIJy4gGpBjl1YYRDVlZ_rqCrJE,DR Plumbing | Plumbers Marana,Owner,,(520) 373-8045,"13472 N Warfield Cir, Marana, AZ 85658, USA",Tucson,AZ,5,371,none,B,no website,plumber,1,dr-plumbing-plumbers-marana-tucson,,2026-04-15
ChIJjQYny0Bx1oYRjCYkE5DHp2Y,Plumb Plumbing,Owner,,(520) 629-0504,"19 W Ventura St, Tucson, AZ 85705, USA",Tucson,AZ,4.3,106,none,B,no website,plumber,1,plumb-plumbing-tucson,,2026-04-15
ChIJ43EM-D971oYRwU9uexIiNcg,Paul's Plumbers,Owner,,(520) 422-8821,"1360 W Irvington Rd #8100, Tucson, AZ 85746, USA",Tucson,AZ,4.9,167,none,B,no website,plumber,1,paul-s-plumbers-tucson,,2026-04-15
ChIJ5VFSmRhv1oYRAF79P_O1yW8,Webers plumbing,Owner,,(520) 955-1478,"11495 E Speedway Blvd, Tucson, AZ 85748, USA",Tucson,AZ,4.9,138,none,B,no website,plumber,1,webers-plumbing-tucson,,2026-04-15
ChIJAQBwhah61oYRqhqS7p_dHNw,"FOSTER PLUMBING, INC.",Owner,fosterplumbingaz@gmail.com,(520) 603-3817,"3681 E 44th St, Tucson, AZ 85713, USA",Tucson,AZ,4.9,166,http://www.fosterplumbinginc.com/contact.html,A,"no_ssl, no_viewport, no_click_to_call",plumber,2,foster-plumbing-inc-tucson,pushed,2026-04-15
ChIJ8y_nSF4QJosR_Q1K7UuKe7o,Space City Junk Removal,Owner,space.cityjunkrem@gmail.com,(713) 396-3036,"419 Stratford St apt 9, Houston, TX 77006, USA",Houston,TX,5,4,http://www.spacecityjunkrmvl.com/,A,"no_ssl, no_click_to_call",junk removal,3,space-city-junk-removal-houston,pushed,2026-04-15
ChIJUf3ZjMDLRIYRogdfzrBrTTo,JunkGuys Austin Junk Removal,Owner,junkguysaustin@gmail.com,(512) 222-4400,"13740 Research Blvd Suite R1, Austin, TX 78750, USA",Austin,TX,5,562,http://www.junkguysaustin.com/,A,"no_ssl, no_click_to_call",junk removal,3,junkguys-austin-junk-removal-austin,pushed,2026-04-15
ChIJ33oxuaudLIcRkNz2TXb7HnE,North Valley Junk Removal,Owner,info@northvalleyjunkremoval.com,(623) 469-5623,"35667 N 7th St, Phoenix, AZ 85086, USA",Phoenix,AZ,5,915,http://northvalleyjunkremoval.com/,A,"no_ssl, outdated_copyright",junk removal,3,north-valley-junk-removal-phoenix,pushed,2026-04-15
ChIJkfqOrFabRoYRuG61OmvrHao,Kindred Pest Control,Owner,office@kindredpest.com,(979) 436-8023,"2501 Central Pkwy c1, Houston, TX 77092, USA",Houston,TX,4.8,10480,https://kindredpest.com/,A,"outdated_copyright, no_click_to_call",pest control,3,kindred-pest-control-houston,pushed,2026-04-15
ChIJLTxpqXUQeCQRiZ1WDz9iDZ8,A-Bear Pest Control,Owner,abearpestcontrolsa@gmail.com,(210) 650-3200,"623 E Euclid Ave, San Antonio, TX 78212, USA",San Antonio,TX,5,208,http://abearpestcontrol.com/,A,"no_ssl, no_click_to_call",pest control,3,a-bear-pest-control-san,pushed,2026-04-15
ChIJz5Im1TfLRIYRAX6Rs4LQAqg,Animal Control Experts,Owner,info@animalcontrolexpertstx.com,(512) 584-5552,"8206 Briarwood Ln, Austin, TX 78757, USA",Austin,TX,4.9,73,http://animalcontrolexpertstx.com/,A,"no_ssl, no_click_to_call",pest control,3,animal-control-experts-austin,pushed,2026-04-15
ChIJ5TSMrD_NQIYRkTBCnmKm_1w,Tucker Plumbing LLC,Owner,service@tuckerplumbing.net,(281) 469-5354,"8219 Coolshire Ln, Houston, TX 77070, USA",Houston,TX,5,96,http://www.tuckerplumbing.net/,A,"no_ssl, no_click_to_call",plumber,3,tucker-plumbing-llc-houston,pushed,2026-04-15
ChIJxwAdXCtcXIYR2y2BTNDb79A,Roland's Plumbing Service Inc,Owner,rplumbing_82@yahoo.com,(210) 433-0016,"330 W Broadview Dr, San Antonio, TX 78228, USA",San Antonio,TX,4.8,72,http://www.rolandsplumbingservice.com/,A,"no_ssl, no_click_to_call",plumber,3,roland-s-plumbing-service-inc-san,pushed,2026-04-15
ChIJJ_s_v4QNK4cRKKj_qAhlM5o,Cobra Plumbing LLC,Owner,cobraplumbingllc@gmail.com,(602) 663-8432,"1431 E Osborn Rd, Phoenix, AZ 85014, USA",Phoenix,AZ,4.8,122,http://cobraplumbingllc.com/,A,"no_ssl, no_click_to_call",plumber,3,cobra-plumbing-llc-phoenix,pushed,2026-04-15
ChIJrVf-AMAL1oYRqziAwmtHLKw,Quality Plumbing Pros,Owner,info@qualityplumbingpros.com,(520) 599-9169,"4870 W Linda Vista Blvd, Tucson, AZ 85742, USA",Tucson,AZ,5,19,http://tucsonplumbingpros.com/,A,"no_ssl, no_click_to_call",plumber,3,quality-plumbing-pros-tucson,pushed,2026-04-15
ChIJie62JtebQIYRYoOGd6g2SWo,DA JUNK LADIE,Owner,junk@dajunkladie.com,(832) 727-1653,"700 Milam St #1300, Houston, TX 77002, USA",Houston,TX,4.9,113,http://www.dajunkladie.com/,A,no_ssl,junk removal,4,da-junk-ladie-houston,pushed,2026-04-15
ChIJfWVFgHzLQIYRiNlFZM7evKU,Old Furniture Pick-Up,Owner,randy@pickupandhaul.com,(346) 316-9210,"6005 Milwee St, Houston, TX 77092, USA",Houston,TX,5,100,http://www.pickupandhaul.com/,A,no_ssl,junk removal,4,old-furniture-pick-up-houston,pushed,2026-04-15
ChIJlY2D9p3rMGAR9DstnI2XTHI,Junk Doctor,Owner,info@myjunkdoctor.com,(800) 484-0286,"5025 Jensen Dr Suite A01, Houston, TX 77026, USA",Houston,TX,4.9,194,http://www.myjunkdoctor.com/,A,no_ssl,junk removal,4,junk-doctor-houston,pushed,2026-04-15
ChIJia5D1NmXQIYRBWkr4j9aSm8,GET JUNK HELP LLC,Owner,info@getjunkhelp.com,(281) 216-5816,"9311 Garfield Park Ln, Houston, TX 77075, USA",Houston,TX,5,70,http://www.getjunkhelp.com/,A,no_ssl,junk removal,4,get-junk-help-llc-houston,pushed,2026-04-15
ChIJO24dsvbDQIYR-q0bPLVlHCc,H-TOWN JUNK REMOVAL,Owner,htownjunk@gmail.com,(281) 309-8616,"8830 Bintliff Dr, Houston, TX 77074, USA",Houston,TX,5,31,http://www.htownjunk.com/,A,no_ssl,junk removal,4,h-town-junk-removal-houston,pushed,2026-04-15
ChIJJ007ivifPosRdfdhYdn8Zww,Vets Junk Haul,Owner,info@vetsjunkhaul.net,(281) 826-2267,"11303 Angelique Dr, Houston, TX 77065, USA",Houston,TX,4.7,73,http://www.vetsjunkhaul.net/,A,no_ssl,junk removal,4,vets-junk-haul-houston,pushed,2026-04-15
ChIJo0YavWJeXIYRC6bzdwAPhK0,Junk Patrols Junk Removal,Owner,junkpatrols@gmail.com,(210) 702-8262,"907 John Page Dr, San Antonio, TX 78228, USA",San Antonio,TX,5,374,http://www.junkpatrols.com/,A,no_ssl,junk removal,4,junk-patrols-junk-removal-san,pushed,2026-04-15
ChIJ72sEuau9XIYRJdZBTO_XbfI,Junk Removal Services | Load 'n Dump,Owner,info@loadndump.com,(830) 202-5742,"1944 Cool Breeze, New Braunfels, TX 78130, USA",San Antonio,TX,5,306,http://loadndump.com/?utm_campaign=gmb,A,no_ssl,junk removal,4,junk-removal-services-load-n-dump-san,pushed,2026-04-15
ChIJL_idIIfWw4MRwsKtPjkJOho,SATX Junk-A-Haulics,Owner,satxjunkahaulics@gmail.com,(210) 260-2283,"4434 Meadowland Pl, San Antonio, TX 78222, USA",San Antonio,TX,5,78,http://www.satxjunkahaulics.com/,A,no_ssl,junk removal,4,satx-junk-a-haulics-san,pushed,2026-04-15
ChIJucQ_4WONXIYRF9z95j5D6iI,JunkGuys San Antonio,Owner,junkguyssanantonio@gmail.com,(830) 360-0125,"8422 Berry Knoll Dr, Universal City, TX 78148, USA",San Antonio,TX,4.7,49,http://www.junkguyssanantonio.com/,A,no_ssl,junk removal,4,junkguys-san-antonio-san,pushed,2026-04-15
ChIJ4SOp1zKo9qQR3N-bayJnNiI,RPG JUNK REMOVAL,Owner,rpgjunkremoval@gmail.com,(210) 915-9511,"8535 Chickasaw Bluff, Converse, TX 78109, USA",San Antonio,TX,5,122,http://rpgsjunkremoval.com/,A,no_ssl,junk removal,4,rpg-junk-removal-san,pushed,2026-04-15
ChIJJYWGXPtZXIYRghjVOoX9YmY,Last Load Dumpster Service,Owner,lastload.ds@gmail.com,(210) 596-3100,"3400 Lowland St, San Antonio, TX 78211, USA",San Antonio,TX,5,57,http://www.lastloaddumpster.com/,A,no_ssl,junk removal,4,last-load-dumpster-service-san,pushed,2026-04-15
ChIJ9Q7E1am5aEoR1xrt7EgCukM,Junk It ATX,Owner,info@junkitatx.org,(512) 497-1627,"1000 Vapor Dr, Pflugerville, TX 78660, USA",Austin,TX,5,122,https://www.junkitatx.org/?utm_source=omg-gbp&utm_medium=webclick,A,no_click_to_call,junk removal,4,junk-it-atx-austin,pushed,2026-04-15
ChIJta_qe2g9XkgRTStVJqzDvR8,Bulls Of Texas - Junk Removal,Owner,services@bullsoftx.com,(512) 206-2805,"7600 Chevy Chase Dr suite 300, Austin, TX 78752, USA",Austin,TX,5,209,http://bullsoftx.com/,A,no_ssl,junk removal,4,bulls-of-texas-junk-removal-austin,pushed,2026-04-15
ChIJm9QyE5dzK4cRx0mZ2JaP8pM,Pinks Junk Removal,Owner,admin@pinksjunkremoval.com,(602) 772-6683,"11398 N Cave Creek Rd, Phoenix, AZ 85020, USA",Phoenix,AZ,5,42,http://www.pinksjunkremoval.com/,A,no_ssl,junk removal,4,pinks-junk-removal-phoenix,pushed,2026-04-15
ChIJFfHgDtXkxQMRNvCiMvMWqAo,Raul's Hauling & Junk Removal,Owner,raulshauling@gmail.com,(480) 931-0310,"6218 N 91st Ave, Glendale, AZ 85305, USA",Phoenix,AZ,5,125,http://raulshauling.com/,A,no_ssl,junk removal,4,raul-s-hauling-junk-removal-phoenix,pushed,2026-04-15
ChIJwXzImj9zK4cRdekeP4LgGxI,"Waste Solution Dumpster Rentals ,Junk Removal, portable toilets & temporary fence",Owner,info@wastesolution.com,(480) 680-0500,"5501 E Corrine Dr, Scottsdale, AZ 85254, USA",Phoenix,AZ,4.9,357,http://wastesolution.com/,A,no_ssl,junk removal,4,waste-solution-dumpster-rentals-junk-removal-portable-toilet,pushed,2026-04-15
ChIJRTCn0lM67KwRA0OmT-F-1d0,Junk Heist - AZ Junk Removal and Demolition,Owner,junkheistaz@gmail.com,(602) 756-1204,"6225 W Highland Ave, Phoenix, AZ 85033, USA",Phoenix,AZ,5,53,http://www.junkheistaz.com/,A,no_ssl,junk removal,4,junk-heist-az-junk-removal-and-demolition-phoenix,pushed,2026-04-15
ChIJKUtYVzlx1oYRhKXyybQ9JWc,Speedway Junk Removal,Owner,speedwayjunkremoval@gmail.com,(520) 276-2394,"4570 N 1st Ave #120, Tucson, AZ 85718, USA",Tucson,AZ,5,574,http://speedwayjunkremoval.com/,A,no_ssl,junk removal,4,speedway-junk-removal-tucson,pushed,2026-04-15
ChIJb25wqnXHQIYRStnA4tuoRC8,Elite Pest Control Houston,Owner,info@elitepestcontrolhouston.com,(281) 473-1159,"1817 Rutland St, Houston, TX 77008, USA",Houston,TX,5,5,https://elitepestcontrolhouston.com/,A,no_click_to_call,pest control,4,elite-pest-control-houston-houston,pushed,2026-04-15
ChIJXWnIsi4tW4YRXq841YU8wdw,Urban Texas Pest Control,Owner,service@urbantexaspest.com,(210) 900-2323,"9450 Brushy Point St, San Antonio, TX 78250, USA",San Antonio,TX,5,623,http://www.urbantexaspest.com/,A,no_ssl,pest control,4,urban-texas-pest-control-san,pushed,2026-04-15
ChIJixFCTMLc_gMR2RFrDG-bz4c,Pest Trappers,Owner,office@pesttrappers.com,(210) 281-1064,"7319 Brandyridge, San Antonio, TX 78250, USA",San Antonio,TX,5,138,https://www.pesttrappers.com/,A,outdated_copyright,pest control,4,pest-trappers-san,pushed,2026-04-15
ChIJ24AMRjz1XIYRMthjarxNkns,Adios Pest Control,Owner,adiospests@gmail.com,(210) 338-5907,"8546 Broadway #100, San Antonio, TX 78217, USA",San Antonio,TX,4.8,34,https://adiospests.com/,A,no_click_to_call,pest control,4,adios-pest-control-san,pushed,2026-04-15
ChIJe9MVVuX1XIYRyDkNHIdp0ts,National Pest Control,Owner,customerservice@npcsatx.com,(210) 226-5049,"1526 I-35, San Antonio, TX 78208, USA",San Antonio,TX,4.8,16,http://npcsatx.com/,A,no_ssl,pest control,4,national-pest-control-san,pushed,2026-04-15
ChIJny_hRcldXIYRs4t2vASxgKE,"Pestpro of San Antonio, LLC.",Owner,gonzalo@pestprosa.com,(210) 723-7254,"3611 Fred Ross Ln, San Antonio, TX 78228, USA",San Antonio,TX,5,19,http://www.pestprosa.com/,A,no_ssl,pest control,4,pestpro-of-san-antonio-llc-san,pushed,2026-04-15
ChIJyaoFTtMNK4cR7r28LkK6Byk,Fromms Pest Control,Owner,service@frommspestcontrol.com,(602) 334-1513,"4633 E Devonshire Ave, Phoenix, AZ 85018, USA",Phoenix,AZ,5,385,http://frommspestcontrol.com/,A,no_ssl,pest control,4,fromms-pest-control-phoenix,pushed,2026-04-15
ChIJ0QbG5xB11oYRaB4SiXemdR4,Swift Pest Solutions,Owner,jeff@swiftpest.com,(520) 293-1555,"924 W Grant Rd, Tucson, AZ 85705, USA",Tucson,AZ,5,711,http://www.swiftpest.com/,A,no_ssl,pest control,4,swift-pest-solutions-tucson,pushed,2026-04-15
ChIJlQQ8uCjOQIYR81rd2QiQkZU,John Moore Services,Owner,service@johnmooreservices.com,(713) 853-9881,"10005 W Sam Houston Pkwy N, Houston, TX 77064, USA",Houston,TX,4.7,19212,http://www.johnmooreservices.com/,A,no_ssl,plumber,4,john-moore-services-houston,pushed,2026-04-15
ChIJ864KJUfEQIYRC0OBmw_schs,Wedgeworth Plumbing,Owner,office@wedgeworthplumbing.com,(832) 867-5309,"9025 Ruland Rd Unit 003, Houston, TX 77055, USA",Houston,TX,4.9,641,http://www.wedgeworthplumbing.com/,A,no_ssl,plumber,4,wedgeworth-plumbing-houston,pushed,2026-04-15
ChIJz5hMW424QIYRRUI6hjZmXnQ,Hot Water Guys,Owner,service@hotwaterguys.com,(832) 673-0909,"352 Link Rd, Houston, TX 77009, USA",Houston,TX,4.9,1416,http://hotwaterguys.com/,A,no_ssl,plumber,4,hot-water-guys-houston,pushed,2026-04-15
ChIJS9tVTi_rQIYR3fdRbq_reaA,Texas Plumbing,Owner,info@texasplumbing911.com,(713) 478-5766,"10111 Woodwind Dr, Houston, TX 77025, USA",Houston,TX,4.6,173,https://www.texasplumbing911.com/,A,no_click_to_call,plumber,4,texas-plumbing-houston,pushed,2026-04-15
ChIJYacqdKC8QIYR4R15JZBAVE8,After Hours Plumbing Service,Owner,afterhoursplumbingservice@gmail.com,(832) 715-6441,"10322 Lafferty Oaks St, Houston, TX 77013, USA",Houston,TX,4.8,190,http://www.afterhoursplumbingservice.com/,A,no_ssl,plumber,4,after-hours-plumbing-service-houston,pushed,2026-04-15
ChIJEVvoADHFQIYRvfIRED1M8SA,Same Day Water Heaters,Owner,info@samedaywh.com,(866) 616-2004,"10607 Stebbins Cir, Houston, TX 77043, USA",Houston,TX,4.8,222,http://www.samedaywaterheaters.com/,A,no_ssl,plumber,4,same-day-water-heaters-houston,pushed,2026-04-15
ChIJNYmEWVapewwRoLqpPTVWLqo,Plumbit Plumbing Services,Owner,info@plumbitplumbingservices.com,(210) 984-0058,"12419 Stillwater Creek, San Antonio, TX 78254, USA",San Antonio,TX,5,530,http://plumbitplumbingservices.com/,A,no_ssl,plumber,4,plumbit-plumbing-services-san,pushed,2026-04-15
ChIJtxEsXd1nXIYRsbdic51kn4I,210-Plumber,Owner,210-plumber@att.net,(210) 758-6237,"9355 Bandera Rd Ste 112, San Antonio, TX 78250, USA",San Antonio,TX,4.8,173,http://www.210plumber.com/,A,no_ssl,plumber,4,210-plumber-san,pushed,2026-04-15
ChIJ7YUFaJNfXIYRqHuZRydjcrA,Alamo Plumbing Solutions drain & sewer experts,Owner,admin@alamoplumbingsolutions.com,(210) 670-5325,"126 El Mio Dr, San Antonio, TX 78216, USA",San Antonio,TX,4.8,122,http://www.alamoplumbingsolutions.com/,A,no_ssl,plumber,4,alamo-plumbing-solutions-drain-sewer-experts-san,pushed,2026-04-15
ChIJPyNPtGqNXIYRIj1Dw4aDyrI,Smith & Sons Plumbing,Owner,peter@smithandsonstx.com,(210) 338-0046,"2118 Mannix Dr #101, San Antonio, TX 78217, USA",San Antonio,TX,4.9,157,http://www.smithandsonstx.com/,A,no_ssl,plumber,4,smith-sons-plumbing-san,pushed,2026-04-15
ChIJ_1bAlnGBXIYRIabo24pSeQI,Shamrock Plumbing Company M#36181,Owner,admin@shamrockplumbingcompany.com,(830) 228-5157,"100 Knibbe Rd, Spring Branch, TX 78070, USA",San Antonio,TX,4.9,605,http://www.shamrockplumbingcompany.com/,A,no_ssl,plumber,4,shamrock-plumbing-company-m-36181-san,pushed,2026-04-15
ChIJJ-KXv7NmXIYRaANOgyozLVQ,Quest Plumbing,Owner,office@questplumbingsa.com,(210) 227-8378,"4738 Shavano Oak, San Antonio, TX 78249, USA",San Antonio,TX,4.9,228,http://questplumbingsa.com/,A,no_ssl,plumber,4,quest-plumbing-san,pushed,2026-04-15
ChIJIwAwvAlLW4YR5EpobUngqGE,Al Mac Plumbing And Gas,Owner,almac.atx@gmail.com,(512) 645-8578,"10415 Old Manchaca Rd unit 205, Austin, TX 78748, USA",Austin,TX,5,175,https://www.almacatxplumbing.com/,A,no_click_to_call,plumber,4,al-mac-plumbing-and-gas-austin,pushed,2026-04-15
ChIJUWjhWuWuRIYRtcmFj3Pp4oc,Abel To Plumb LLC,Owner,abeltoplumb@gmail.com,(512) 995-1745,"4618 E 7th St, Austin, TX 78702, USA",Austin,TX,4.7,24,https://www.abeltoplumb.com/,A,no_click_to_call,plumber,4,abel-to-plumb-llc-austin,pushed,2026-04-15
ChIJnecIqVe-g28ReMMVH36_b30,Juan & Only Plumber,Owner,info@juanandonlyplumber.com,(512) 222-7311,"1834 Ferguson Ln unit 1000, Austin, TX 78754, USA",Austin,TX,4.9,328,http://www.juanandonlyplumber.com/,A,no_ssl,plumber,4,juan-only-plumber-austin,pushed,2026-04-15
ChIJqfQOTOFuK4cR-1-TcCqoCn0,Diamondback Plumbing,Owner,service@diamondbackmechanical.com,(602) 428-0910,"17423 N 25th Ave, Phoenix, AZ 85023, USA",Phoenix,AZ,4.5,697,http://www.diamondbackplumbing.com/,A,no_ssl,plumber,4,diamondback-plumbing-phoenix,pushed,2026-04-15
ChIJEeWYPrCpK4cRvS9I0wi0AX0,Call-Us Plumbing,Owner,dispatch@callwaycool.com,(480) 396-6658,"519 W Lone Cactus Dr Suite 305, Phoenix, AZ 85027, USA",Phoenix,AZ,4.7,597,http://call-usplumbing.com/,A,no_ssl,plumber,4,call-us-plumbing-phoenix,pushed,2026-04-15
ChIJHQTQAHNHK4cRW01kCVoKBPM,Amigo Rooter & Plumbing Phoenix Arizona,Owner,amigoplumbingaz@gmail.com,(602) 446-6576,"3947 N 146th Dr, Goodyear, AZ 85395, USA",Phoenix,AZ,4.8,604,http://www.amigoplumbingaz.com/,A,no_ssl,plumber,4,amigo-rooter-plumbing-phoenix-arizona-phoenix,pushed,2026-04-15
ChIJp6ZrB8Z01oYRc7tPwEpngow,Dunn Plumbing and Drain Service LLC,Owner,office@dunnplumbingservice.com,(520) 310-0551,"1650 E 18th St # Q, Tucson, AZ 85719, USA",Tucson,AZ,4.9,324,http://dunnplumbingservice.com/,A,no_ssl,plumber,4,dunn-plumbing-and-drain-service-llc-tucson,pushed,2026-04-15
ChIJY9LE7Uhw1oYRwZgITLpfd5Y,Pioneer Plumbing,Owner,info@pioneerplumbing.net,(520) 523-7224,"1312 E Wieding Rd, Tucson, AZ 85706, USA",Tucson,AZ,4.6,305,http://www.pioneerplumbing.net/?utm_source=GBP&utm_medium=organic,A,no_ssl,plumber,4,pioneer-plumbing-tucson,pushed,2026-04-15
ChIJPe3yWWJx1oYRKfp9KzTVfm4,DrainMasters Plumbing & Drain Service,Owner,angela@uniontucson.com,(520) 690-9881,"3209 N Geronimo Ave, Tucson, AZ 85705, USA",Tucson,AZ,4.8,151,http://drainmasterstucson.com/,A,no_ssl,plumber,4,drainmasters-plumbing-drain-service-tucson,pushed,2026-04-15
ChIJNWXo9PBx1oYRvgUMi7_vxn8,Abacus Plumbing Company,Owner,abacus2@cox.net,(520) 327-6248,"3555 E Hardy Dr, Tucson, AZ 85716, USA",Tucson,AZ,4.6,77,http://www.callabacusnow.com/,A,no_ssl,plumber,4,abacus-plumbing-company-tucson,pushed,2026-04-15
ChIJa1E304101oYRxinwITG-wzM,Aarow Plumbing Inc,Owner,info@aarowplumbing.com,(520) 888-5707,"2300 W Placita Algodon, Tucson, AZ 85741, USA",Tucson,AZ,4.9,56,http://www.aarowplumbing.com/,A,no_ssl,plumber,4,aarow-plumbing-inc-tucson,pushed,2026-04-15
ChIJr_qqOQrJRIYRPj_QSpUY9KY,"Biggs Plumbing Co., Inc.",Owner,contact@biggsplumbing.com,(512) 837-5955,"1615 Dungan Ln, Austin, TX 78754, USA",Austin,TX,4.9,23,http://www.biggsplumbing.com/,A,no_ssl,plumber,4,biggs-plumbing-co-inc-austin,pushed,2026-04-15
ChIJt7gGT0inK4cRCap6fjhAG-8,Javier's Quick Electricians,Owner,,(602) 932-2326,"426 N Drew St #25D, Mesa, AZ 85201, USA",Mesa,AZ,4.8,136,none,B,no website,electrician,1,javier-s-quick-electricians-mesa-az,,2026-04-16
ChIJH88NbXJ3ekoRT9RqUk0wpcg,Foquito Electric,Owner,,(480) 330-8438,"Country Club & Southern, S Country Club Dr, Mesa, AZ 85210, USA",Mesa,AZ,5,36,none,B,no website,electrician,1,foquito-electric-mesa-az,,2026-04-16
ChIJb0sYmhqvK4cR1XhSprv-umw,Click Electric,Owner,,(520) 843-6640,"3423 E Enid Ave, Mesa, AZ 85204, USA",Mesa,AZ,5,17,none,B,no website,electrician,1,click-electric-mesa-az,,2026-04-16
ChIJeZvCMZWmK4cRPc1Kz6df908,Shocky Electric,Owner,,(480) 969-9250,"2121 E Quince St, Mesa, AZ 85213, USA",Mesa,AZ,4.7,12,none,B,no website,electrician,1,shocky-electric-mesa-az,,2026-04-16
ChIJJxhRf8GnK4cRuhRbPImgpiA,Hampton Electric Inc.,Owner,,(602) 669-3709,"366 W Hampton Ave, Mesa, AZ 85210, USA",Mesa,AZ,5,23,none,B,no website,electrician,1,hampton-electric-inc-mesa-az,,2026-04-16
ChIJOZe5dgCnK4cRwax5pdeLaH4,AMAROS & MANUEL ELETRIC,Owner,,(480) 400-8077,"128 W 9th Pl, Mesa, AZ 85201, USA",Mesa,AZ,5,20,none,B,no website,electrician,1,amaros-manuel-eletric-mesa-az,,2026-04-16
ChIJD6sZfbQC2YgRNVTCEOlbo08,Larson Electric Inc,Owner,,(954) 250-9182,"630 N Hunt Dr, Mesa, AZ 85203, USA",Mesa,AZ,4.8,22,none,B,no website,electrician,1,larson-electric-inc-mesa-az,,2026-04-16
ChIJVVXldbB1K4cRRUTaNooKU7A,PowerPro Electricians,Owner,,(480) 764-2548,"9375 E Shea Blvd #112, Scottsdale, AZ 85260, USA",Scottsdale,AZ,5,14,none,B,no website,electrician,1,powerpro-electricians-scottsdale-az,,2026-04-16
ChIJuagik8N1K4cRfxH12bplNII,QuickCall Electric Co,Owner,,(520) 839-3585,"15608 N Pima Rd, Scottsdale, AZ 85260, USA",Scottsdale,AZ,4.8,26,none,B,no website,electrician,1,quickcall-electric-co-scottsdale-az,,2026-04-16
ChIJbfV3CHR1K4cR6WN8DbLDWxE,Meade Electric,Owner,,(602) 576-8325,"3260 Hayden Rd suite 210-520, Scottsdale, AZ 85251, USA",Scottsdale,AZ,5,13,none,B,no website,electrician,1,meade-electric-scottsdale-az,,2026-04-16
ChIJk0uyXXfEyIAR6eHIawrudB8,O'Connor Electric,Owner,,(702) 860-9824,"557 E Sahara Ave #222, Las Vegas, NV 89104, USA",Las Vegas,NV,5,13,none,B,no website,electrician,1,o-connor-electric-las-vegas-nv,,2026-04-16
ChIJr956pwnCyIARhEL_7DYC5vs,Neat North Las Vegas Electrical Co.,Owner,,(775) 239-9537,"2735 W Cheyenne Ave, North Las Vegas, NV 89032, USA",Las Vegas,NV,4.6,20,none,B,no website,electrician,1,neat-north-las-vegas-electrical-co-las-vegas-nv,,2026-04-16
ChIJsZ-JevvqyIARbPc6VccjLWA,One Hour Electric,Owner,,(702) 752-9149,"3330 Wedo Way, North Las Vegas, NV 89031, USA",Las Vegas,NV,4,254,none,B,no website,electrician,1,one-hour-electric-las-vegas-nv,,2026-04-16
ChIJFzkd4pbGyIARb23omi5SgzE,Buff Electrical Services,Owner,,(702) 746-3786,"4700 W Rochelle Ave., Las Vegas, NV 89103, USA",Las Vegas,NV,5,24,none,B,no website,electrician,1,buff-electrical-services-las-vegas-nv,,2026-04-16
ChIJs5sSDYjByIARv8J6mnpgFTs,Advantage Electrical Services,Owner,,(855) 394-0098,"Parking lot, 4175 N Rancho Dr Ste. 130, Las Vegas, NV 89130, USA",Las Vegas,NV,4.4,27,none,B,no website,electrician,1,advantage-electrical-services-las-vegas-nv,,2026-04-16
ChIJr9-UB-fqyIARrNxy14gRNU0,D & B Electric,Owner,,(702) 870-7310,"4310 N Tioga Way, Las Vegas, NV 89129, USA",Las Vegas,NV,4.8,22,none,B,no website,electrician,1,d-b-electric-las-vegas-nv,,2026-04-16
ChIJMa16cgCoswkRLrbo02iU70s,"V-Electrical, LLC",Owner,,(505) 730-7812,"7729 Cutler Ave NE, Albuquerque, NM 87110, USA",Albuquerque,NM,4.9,42,none,B,no website,electrician,1,v-electrical-llc-albuquerque-nm,,2026-04-16
ChIJVVV53EIMIocRQyziH-xb19Q,Absolutely Affordable Electric,Owner,,(505) 702-3276,"3521 Sunstar Blvd SW, Albuquerque, NM 87105, USA",Albuquerque,NM,4.8,19,none,B,no website,electrician,1,absolutely-affordable-electric-albuquerque-nm,,2026-04-16
ChIJycCLJn8KIocRZYBityQ6xew,K & J Electric,Owner,,(505) 292-1200,"PO Box 50596, Albuquerque, NM 87181, USA",Albuquerque,NM,4.5,17,none,B,no website,electrician,1,k-j-electric-albuquerque-nm,,2026-04-16
ChIJSb7PMm11IocRXIsyQ2FMxsY,Walton Brothers Electricians,Owner,,(505) 448-1557,"187 Sarah Ln NW #9700, Albuquerque, NM 87114, USA",Albuquerque,NM,4.9,26,none,B,no website,electrician,1,walton-brothers-electricians-albuquerque-nm,,2026-04-16
ChIJRTtjhHZxIocR1W_ekbXtf64,Carrasco Electric Inc,Owner,,(505) 440-8955,"10200 Snowflake Ct NW, Albuquerque, NM 87114, USA",Albuquerque,NM,4,16,none,B,no website,electrician,1,carrasco-electric-inc-albuquerque-nm,,2026-04-16
ChIJ11AQ3q5yIocR1oLmFHocwdA,Quality Electric LLC,Owner,,(505) 699-9746,"1706 Castile Ct NE, Rio Rancho, NM 87144, USA",Albuquerque,NM,4.6,86,none,B,no website,electrician,1,quality-electric-llc-albuquerque-nm,,2026-04-16
ChIJq6qqqvt0IocRpbwP-CJai7g,Excellence Electrical Contracting,Owner,,(855) 394-0098,"5420 5th St NW, Albuquerque, NM 87107, USA",Albuquerque,NM,4.6,26,none,B,no website,electrician,1,excellence-electrical-contracting-albuquerque-nm,,2026-04-16
ChIJLckOfFxzIocR0rtSc_ld5cI,Service Electric Co,Owner,,(505) 345-1955,"3716 Commercial St NE, Albuquerque, NM 87107, USA",Albuquerque,NM,4.4,16,none,B,no website,electrician,1,service-electric-co-albuquerque-nm,,2026-04-16
ChIJ9RY10GmvK4cRSdqfojKKlI4,Farnsworth Heating Cooling & Plumbing,Owner,,(480) 830-6200,"460 S Greenfield Rd Suite #5, Mesa, AZ 85206, USA",Mesa,AZ,4.7,295,none,B,no website,HVAC,1,farnsworth-heating-cooling-plumbing-mesa-az,,2026-04-16
ChIJX68y7O-xK4cRLZMXav7QMJU,PRIME HVAC LLC,Owner,,(480) 622-2417,"9127 E Adobe Rd, Mesa, AZ 85207, USA",Mesa,AZ,5,14,none,B,no website,HVAC,1,prime-hvac-llc-mesa-az,,2026-04-16
ChIJaf3clVOnK4cRbriIf3Iy-XM,Mesa Air Conditioning and Heating,Owner,,(602) 898-5940,"1926 E Broadway Rd, Mesa, AZ 85204, USA",Mesa,AZ,4.9,15,none,B,no website,HVAC,1,mesa-air-conditioning-and-heating-mesa-az,,2026-04-16
ChIJYfUJ60ALK4cRNqp_dtLQ7wY,Reliable Heating and Cooling Scottsdale,Owner,,(480) 692-5160,"8149 Rose Ln, Scottsdale, AZ 85250, USA",Scottsdale,AZ,5,14,none,B,no website,HVAC,1,reliable-heating-and-cooling-scottsdale-scottsdale-az,,2026-04-16
ChIJyVxwBkx1K4cRkD-LzWaR0SI,Scottsdale Heating and Cooling,Owner,,(480) 870-8860,"14036 N Scottsdale Rd, Scottsdale, AZ 85254, USA",Scottsdale,AZ,4.7,18,none,B,no website,HVAC,1,scottsdale-heating-and-cooling-scottsdale-az,,2026-04-16
ChIJh9JPyKp1K4cRqL7OOFv05Co,HVAC Services: Heating & Air Conditioning,Owner,,(480) 916-7357,"10612 N 71st Pl, Scottsdale, AZ 85254, USA",Scottsdale,AZ,5,15,none,B,no website,HVAC,1,hvac-services-heating-air-conditioning-scottsdale-az,,2026-04-16
ChIJfRlelQ91K4cR7ch6Tj8drYk,Carter & Sons HVAC & Plumbing LLC,Owner,,(623) 920-0873,"6339 E Greenway Rd, Scottsdale, AZ 85254, USA",Scottsdale,AZ,4.8,50,none,B,no website,HVAC,1,carter-sons-hvac-plumbing-llc-scottsdale-az,,2026-04-16
ChIJg5UDkqucK4cRGnRdb9qFdLw,HVAC Heating & Air Conditioning Electric Services,Owner,,(480) 639-2184,"29423 N 145th Pl, Scottsdale, AZ 85262, USA",Scottsdale,AZ,5,20,none,B,no website,HVAC,1,hvac-heating-air-conditioning-electric-services-scottsdale-a,,2026-04-16
ChIJD46mI3vdyIARJmwi_T4m9g8,Premier HVAC Repair Las Vegas,Owner,,(702) 729-6671,"4825 N Sloan Ln, Las Vegas, NV 89115, USA",Las Vegas,NV,5,17,none,B,no website,HVAC,1,premier-hvac-repair-las-vegas-las-vegas-nv,,2026-04-16
ChIJcY6norDryIARCTP6HWuiSgo,Absolute Air Conditioning & Heating,Owner,,(702) 234-8067,"6095 N Tenaya Wy, Las Vegas, NV 89130, USA",Las Vegas,NV,4.8,89,none,B,no website,HVAC,1,absolute-air-conditioning-heating-las-vegas-nv,,2026-04-16
ChIJdyWeXBfRyIAR0omm1iKsefg,Certified Henderson HVAC Repairs,Owner,,(702) 729-3897,"100 Windmill Ln, Henderson, NV 89074, USA",Henderson,NV,5,18,none,B,no website,HVAC,1,certified-henderson-hvac-repairs-henderson-nv,,2026-04-16
ChIJkR2lkt_RyIAR4NbIA-uQ2p0,Henderson Air Condition Repair,Owner,,(702) 224-2018,"171 N Gibson Rd ste 120, Henderson, NV 89014, USA",Henderson,NV,5,14,none,B,no website,HVAC,1,henderson-air-condition-repair-henderson-nv,,2026-04-16
ChIJD_M__5_XyIARBjehsLn1RZs,Thomas & Sons Heating & Cooling,Owner,,(725) 353-9741,"852 E Lake Mead Pkwy, Henderson, NV 89015, USA",Henderson,NV,4.9,41,none,B,no website,HVAC,1,thomas-sons-heating-cooling-henderson-nv,,2026-04-16
ChIJs0UpmCrXyIAREgZT8d7e4XE,"No Sweat Mechanical, LLC",Owner,,(702) 568-0137,"410 Mark Leany Dr, Henderson, NV 89011, USA",Henderson,NV,4.8,33,none,B,no website,HVAC,1,no-sweat-mechanical-llc-henderson-nv,,2026-04-16
ChIJsbDK9T7PyIAR2CX36GiWNPo,Heating and Cooling,Owner,,(702) 874-7929,"120 Fletcher Rd, Henderson, NV 89074, USA",Henderson,NV,5,14,none,B,no website,HVAC,1,heating-and-cooling-henderson-nv,,2026-04-16
ChIJ4XwmXQ4NIocRMyPLb-GCFUY,MMA Mechanical,Owner,,(505) 910-5045,"7300 Foster Ct SW, Albuquerque, NM 87121, USA",Albuquerque,NM,4.7,42,none,B,no website,HVAC,1,mma-mechanical-albuquerque-nm,,2026-04-16
ChIJ25_1WUENIocRJyiYDJujypA,Family Plumbing Heating & Refrigeration,Owner,,(505) 803-3170,"6305 Forsythe Rd SW, Albuquerque, NM 87121, USA",Albuquerque,NM,4.7,19,none,B,no website,HVAC,1,family-plumbing-heating-refrigeration-albuquerque-nm,,2026-04-16
ChIJcS8NBJhxIocRORdII8RY98w,Albuquerque Heating and Air Conditioning,Owner,,(505) 407-7646,"228 3rd St NW, Albuquerque, NM 87102, USA",Albuquerque,NM,4.6,22,none,B,no website,HVAC,1,albuquerque-heating-and-air-conditioning-albuquerque-nm,,2026-04-16
ChIJgycGwMAX3oYRj2SQv-q6u9s,Heating And Air Conditioning Albuquerque,Owner,,(505) 370-2008,"2620 San Mateo Blvd NE, Albuquerque, NM 87110, USA",Albuquerque,NM,4.7,15,none,B,no website,HVAC,1,heating-and-air-conditioning-albuquerque-albuquerque-nm,,2026-04-16
ChIJiQMTsR2oK4cRSTsQ8WNy4_k,Express Roofing LLC,Owner,,(480) 226-4245,"1640 S Davis, Mesa, AZ 85210, USA",Mesa,AZ,4.9,117,none,B,no website,roofing,1,express-roofing-llc-mesa-az,,2026-04-16
ChIJ7yXo9mZvK4cREOJ53kIXWzw,"LoveOurRoof, an Xcel Company",Owner,,(480) 387-9466,"1833 W Main St STE 110, Mesa, AZ 85201, USA",Mesa,AZ,4.8,43,none,B,no website,roofing,1,loveourroof-an-xcel-company-mesa-az,,2026-04-16
ChIJ-x0PMk3dyIAR9RePDEId5lA,Pro Roofing Las Vegas,Owner,,(877) 414-7510,"2370 Rock Slide Cir, Las Vegas, NV 89115, USA",Las Vegas,NV,4.9,33,none,B,no website,roofing,1,pro-roofing-las-vegas-las-vegas-nv,,2026-04-16
ChIJ_7x98uvDyIARFaXbQYOPspA,Las Vegas Roofing Service,Owner,,(877) 414-7510,"601 Rancho Cir, Las Vegas, NV 89107, USA",Las Vegas,NV,4.9,16,none,B,no website,roofing,1,las-vegas-roofing-service-las-vegas-nv,,2026-04-16
ChIJJ4q7iP0ElVQRdPszdFAWaw0,Nation Roofing,Owner,,(725) 239-9579,"3753 Howard Hughes Pkwy Suite 556, Las Vegas, NV 89169, USA",Las Vegas,NV,5,25,none,B,no website,roofing,1,nation-roofing-las-vegas-nv,,2026-04-16
ChIJN3TXCbTUzoARrgCrcBqtWJY,Black canyon roofing,Owner,,(702) 293-5650,"1319 Boulder City Pkwy, Boulder City, NV 89005, USA",Henderson,NV,4.5,15,none,B,no website,roofing,1,black-canyon-roofing-henderson-nv,,2026-04-16
ChIJ3zCuCFGnK4cRQuFXYNZ57lI,Nogi Electric,Owner,,(480) 321-6521,"1550 E University Dr suite l-1, Mesa, AZ 85203, USA",Mesa,AZ,4.4,14,http://www.nogielectric.com/,A,"no_ssl, no_viewport, no_click_to_call",electrician,2,nogi-electric-mesa-az,,2026-04-16
ChIJZyksBA93K4cROg-Lrn90_Qw,"Fix It Floyd, LLC",Owner,floyd@fixitfloyd.com,(602) 904-1701,"7933 E Cactus Rd, Scottsdale, AZ 85260, USA",Scottsdale,AZ,4.8,47,http://www.fixitfloyd.com/,A,"no_ssl, no_viewport, no_click_to_call",electrician,2,fix-it-floyd-llc-scottsdale-az,pushed,2026-04-16
ChIJkffHK4vDyIARMrw_uhqjK80,Dave's Electric,Owner,,(702) 419-8341,"1523 W Oakey Blvd, Las Vegas, NV 89102, USA",Las Vegas,NV,4.7,31,http://www.electricdaves.com/,A,"no_ssl, no_viewport, no_click_to_call",electrician,2,dave-s-electric-las-vegas-nv,,2026-04-16
ChIJVVVVVfnDyIAR1nVTFvoBgpE,Desert Home Electric,Owner,,(702) 228-1727,"4330 W Desert Inn Rd, Las Vegas, NV 89102, USA",Las Vegas,NV,4.7,13,http://deserthomeelectric.com/,A,"no_ssl, no_viewport, no_click_to_call",electrician,2,desert-home-electric-las-vegas-nv,,2026-04-16
ChIJXZys3OrWyIARo3TlAnT8Nvo,Bright Lights Electric,Owner,,(702) 553-6893,"112 Continental Ave, Henderson, NV 89015, USA",Henderson,NV,4.9,10,http://www.brightlightselectric.com/,A,"no_ssl, no_viewport, no_click_to_call",electrician,2,bright-lights-electric-henderson-nv,,2026-04-16
ChIJhR4T9IugGIcRUjM8dGSlZhw,Frank's Electric & Alarms,Owner,info@frankselectric.net,(505) 293-6724,"11801 Linn Ave NE, Albuquerque, NM 87123, USA",Albuquerque,NM,3.9,23,http://www.frankselectric.net/,A,"no_ssl, no_viewport, no_click_to_call",electrician,2,frank-s-electric-alarms-albuquerque-nm,pushed,2026-04-16
ChIJb8kERLp0IocRHVCdeYDjVDw,Gamblin Rodgers Electrical Services,Owner,,(505) 345-4525,"3312 Girard Blvd NE, Albuquerque, NM 87107, USA",Albuquerque,NM,0,0,http://www.prime-electricusa.com/,A,"no_ssl, no_viewport, no_click_to_call",electrician,2,gamblin-rodgers-electrical-services-albuquerque-nm,,2026-04-16
ChIJjSbO1KOvK4cR9h9Gwc02_w4,Big Als HVAC,Owner,,(480) 808-4488,"7107 E Southern Ave #105, Mesa, AZ 85209, USA",Mesa,AZ,5,14,http://bigalshvac.com/,A,"no_ssl, no_viewport, no_click_to_call",HVAC,2,big-als-hvac-mesa-az,,2026-04-16
ChIJ9-mXreCnK4cRm4wPDKNbtLM,Child Air Conditioning & Heating Inc.,Owner,,(480) 894-2245,"309 S MacDonald, Mesa, AZ 85210, USA",Mesa,AZ,5,27,http://www.childac.com/,A,"no_ssl, no_viewport, no_click_to_call",HVAC,2,child-air-conditioning-heating-inc-mesa-az,,2026-04-16
ChIJI1YPWA8JK4cRvJhUjtERH3k,Scottsdale Air Heating & Cooling,Owner,,(602) 834-5334,"722 S Perry Ln, Tempe, AZ 85288, USA",Scottsdale,AZ,4.9,1414,http://scottsdaleair.com/,A,"no_ssl, no_viewport, no_click_to_call",HVAC,2,scottsdale-air-heating-cooling-scottsdale-az,,2026-04-16
ChIJl5H6uToHK4cRlwSuMwiwOz8,MSW Contracting llc,Owner,,(602) 284-8542,"2875 W Ray Rd Suite 6 #246, Chandler, AZ 85224, USA",Scottsdale,AZ,4.9,101,http://www.roofarizona.com/,A,"no_ssl, no_viewport, no_click_to_call",roofing,2,msw-contracting-llc-scottsdale-az,,2026-04-16
ChIJbVoCl4PIyIAR3a25Iu630uc,Desert Valley Roofing LLC,Owner,,(702) 558-8775,"8320 S Lindell Rd, Las Vegas, NV 89139, USA",Las Vegas,NV,4.8,62,http://www.desertvalleyroofingvegas.com/,A,"no_ssl, outdated_copyright, no_click_to_call",roofing,2,desert-valley-roofing-llc-las-vegas-nv,,2026-04-16
ChIJczwQsUQLIocRQTpzmFcm2_k,"Green Mountain Contractors, Inc.",Owner,greenmountainoffice@gmail.com,(505) 205-9328,"117 Richmond Dr SE STE A, Albuquerque, NM 87106, USA",Albuquerque,NM,5,72,http://greenmountaincontractors.com/,A,"no_ssl, outdated_copyright, no_click_to_call",roofing,2,green-mountain-contractors-inc-albuquerque-nm,pushed,2026-04-16
ChIJVV1N4RWmK4cRqnS82JGzQ10,Ricks Advanced Electric LLC,Owner,,(480) 612-1328,"711 N 22nd St, Mesa, AZ 85213, USA",Mesa,AZ,4.9,43,https://www.ricksadvancedelectric.com/,A,"no_viewport, no_click_to_call",electrician,3,ricks-advanced-electric-llc-mesa-az,pushed,2026-04-16
ChIJlTRCbRulK4cRs4-rjzQoG9Q,East Mesa Electric,Owner,,(480) 605-4090,"5926 E Encanto St, Mesa, AZ 85205, USA",Mesa,AZ,5,18,http://eastmesaelectric.com/,A,"no_ssl, no_click_to_call",electrician,3,east-mesa-electric-mesa-az,pushed,2026-04-16
ChIJO83J-Jal9gAR8TubTWdCBqs,Crazy Electric,Owner,crazyelectricaz@gmail.com,(480) 979-3353,"840 W 8th Ave, Mesa, AZ 85210, USA",Mesa,AZ,5,5,http://www.crazyelectricaz.com/,A,"no_ssl, no_click_to_call",electrician,3,crazy-electric-mesa-az,pushed,2026-04-16
ChIJz-LYXDF0K4cReSNt2PfR5gg,"Innovative Lighting & Electric, Inc.",Owner,,(480) 513-2099,"15855 N Greenway Hayden Loop #130, Scottsdale, AZ 85260, USA",Scottsdale,AZ,4.9,62,http://lightingaz.com/,A,"no_ssl, no_click_to_call",electrician,3,innovative-lighting-electric-inc-scottsdale-az,pushed,2026-04-16
ChIJAZXklUy1OQARRF8QJr0OUdU,OneCall Plumber Scottsdale,Owner,,(480) 908-2275,"7112 E Main St, Scottsdale, AZ 85251, USA",Scottsdale,AZ,5,5,http://onecallplumberscottsdale.com/,A,"no_ssl, no_click_to_call",electrician,3,onecall-plumber-scottsdale-scottsdale-az,pushed,2026-04-16
ChIJRbhFzuLCyIARW4SQp2Vu9uA,Canyon Electric Company Inc.,Owner,service@canyonelectric.com,(702) 384-4747,"4357 Corporate Center Dr #430, North Las Vegas, NV 89030, USA",Las Vegas,NV,4.9,221,http://www.canyonelectric.com/,A,"no_ssl, no_click_to_call",electrician,3,canyon-electric-company-inc-las-vegas-nv,pushed,2026-04-16
ChIJQ04wAqXryIARTLG0RDON0wE,Allegiant Electric LLC,Owner,allegiantelectricllc@gmail.com,(702) 350-3302,"2480 N Decatur Blvd #115, Las Vegas, NV 89108, USA",Las Vegas,NV,4.8,230,http://allegiantelectricllcnv.com/,A,"no_ssl, no_click_to_call",electrician,3,allegiant-electric-llc-las-vegas-nv,pushed,2026-04-16
ChIJs0AnxQzQyIARz_1nn-O4fgk,Penny Electric,Owner,hello@pennyelectric.com,(702) 279-6040,"1987 Whitney Mesa Dr, Henderson, NV 89014, USA",Las Vegas,NV,4.9,563,http://pennyelectric.com/,A,"no_ssl, no_click_to_call",electrician,3,penny-electric-las-vegas-nv,pushed,2026-04-16
ChIJ69jhgsXsyIARNsxdaqb2CSE,Cordan Electric LLC,Owner,info@cordanelectricllc.com,(702) 453-7701,"8125 Eagle Clan Ct, Las Vegas, NV 89131, USA",Las Vegas,NV,4.9,330,http://cordanelectricllc.com/,A,"no_ssl, no_click_to_call",electrician,3,cordan-electric-llc-las-vegas-nv,pushed,2026-04-16
ChIJ37gHXkrHyIAR__r0TuHBjH4,Fowler Electric LTD,Owner,,(702) 778-4346,"6675 W Pebble Rd, Las Vegas, NV 89139, USA",Las Vegas,NV,4.7,108,http://fowlerelectricnv.com/,A,"no_ssl, no_click_to_call",electrician,3,fowler-electric-ltd-las-vegas-nv,pushed,2026-04-16
ChIJgftvwbTNyIAR9fzPSJTqz3I,Odyssey Electrical Services LLC,Owner,,(702) 574-1376,"2444 Bellinzona Pl, Henderson, NV 89044, USA",Henderson,NV,5,220,http://www.odysseyelectricalnv.com/,A,"no_ssl, no_click_to_call",electrician,3,odyssey-electrical-services-llc-henderson-nv,pushed,2026-04-16
ChIJ1UY-75bNyIARS3VA5FZERlM,Neptune Electric LLC Lic# 83779,Owner,,(702) 778-0733,"11850 Bella Luna St, Las Vegas, NV 89183, USA",Henderson,NV,5,10,http://neptuneelectriclv.com/,A,"no_ssl, no_click_to_call",electrician,3,neptune-electric-llc-lic-83779-henderson-nv,pushed,2026-04-16
ChIJraQPdQ_JyIARHlUvHnsRl30,Peter and Sons Electric Company,Owner,,(702) 570-2160,"4221 Saxton Green Ave, Las Vegas, NV 89141, USA",Henderson,NV,4.9,21,http://www.peterandsonselectric.com/,A,"no_ssl, no_click_to_call",electrician,3,peter-and-sons-electric-company-henderson-nv,pushed,2026-04-16
ChIJsVEdBnETIocReFw1LO27EtI,Cano's Electrical Services LLC,Owner,,(505) 289-9020,"3306 Sue Cir SE, Rio Rancho, NM 87124, USA",Albuquerque,NM,5,80,http://canoselectricalservices.com/,A,"no_ssl, no_click_to_call",electrician,3,cano-s-electrical-services-llc-albuquerque-nm,pushed,2026-04-16
ChIJGys7dL90IocRM5yGTM3HJ9k,Pcm Electrical,Owner,,(505) 463-1276,"3901 Tulane Dr NE, Albuquerque, NM 87107, USA",Albuquerque,NM,5,21,http://www.pcmelectrical.com/,A,"no_ssl, no_click_to_call",electrician,3,pcm-electrical-albuquerque-nm,pushed,2026-04-16
ChIJIY0GDpmXGIcR0gJb73XFy_U,Ark Electrical LLC,Owner,arkelectric94@gmail.com,(575) 776-7108,"12165 NM-14 b-3, Cedar Crest, NM 87008, USA",Albuquerque,NM,5,38,http://www.arkelectrical.org/,A,"no_ssl, outdated_copyright",electrician,3,ark-electrical-llc-albuquerque-nm,pushed,2026-04-16
ChIJfT8kQrp0IocRL6FJQnFteBA,Great Western Electrical,Owner,,(505) 881-6525,"3310 Girard Blvd NE, Albuquerque, NM 87107, USA",Albuquerque,NM,5,2,http://www.greatwesternelectrical.com/,A,"no_ssl, no_click_to_call",electrician,3,great-western-electrical-albuquerque-nm,pushed,2026-04-16
ChIJO8TGWGIMIocRwpRx_GZiAok,Bixby Electric Inc,Owner,info@www.bixbyelectric.com,(505) 842-5384,"521 Wheeler Ave SE, Albuquerque, NM 87102, USA",Albuquerque,NM,4,22,http://www.bixbyelectric.com/,A,"no_ssl, no_click_to_call",electrician,3,bixby-electric-inc-albuquerque-nm,pushed,2026-04-16
ChIJ8w3pbHxxIocRPnmmGXwSKSM,Current Security and Electric,Owner,electricalservant@gmail.com,(505) 688-8520,"9605 Benton St NW, Albuquerque, NM 87114, USA",Albuquerque,NM,4.7,59,http://currentsecurityandelectric.com/,A,"no_ssl, no_click_to_call",electrician,3,current-security-and-electric-albuquerque-nm,pushed,2026-04-16
ChIJW2pU1vdyIocR6Fi4K5hvggA,"McDade-Woodcock, Inc.",Owner,,(505) 884-0155,"2404 Claremont Ave NE, Albuquerque, NM 87107, USA",Albuquerque,NM,4.6,28,https://mwieic.com/,A,"outdated_copyright, no_click_to_call",electrician,3,mcdade-woodcock-inc-albuquerque-nm,pushed,2026-04-16
ChIJy5iFB1lzIocRSzj5UFBeWl0,"Number One Plumbing, A/C, Solar & Electric",Owner,,(505) 999-9567,"525 Candelaria Rd NE, Albuquerque, NM 87107, USA",Albuquerque,NM,4.8,450,http://number1plumber.com/,A,"no_ssl, no_click_to_call",electrician,3,number-one-plumbing-a-c-solar-electric-albuquerque-nm,pushed,2026-04-16
ChIJnYAOKHwKIocR6ifX2EDKXnM,Enterprise Electrical Services Inc.,Owner,info@entelcomm.com,(505) 275-9369,"9708 Bell Ave SE, Albuquerque, NM 87123, USA",Albuquerque,NM,4,4,http://www.enterprisenm.com/,A,"no_ssl, no_click_to_call",electrician,3,enterprise-electrical-services-inc-albuquerque-nm,pushed,2026-04-16
ChIJBUtTivClK4cR3QLfH5ZiMyo,JMAC Heating & Cooling,Owner,,(602) 279-2665,"1843 S Old Greenfield Rd, Mesa, AZ 85206, USA",Mesa,AZ,5,770,http://www.crycool.com/,A,"no_ssl, no_click_to_call",HVAC,3,jmac-heating-cooling-mesa-az,pushed,2026-04-16
ChIJSQu3A1evK4cRMnIEcDtIM6o,The Discount A/C Outlet,Owner,,(480) 898-0810,"3643 E Main St, Mesa, AZ 85205, USA",Mesa,AZ,4.7,112,http://www.thediscountacoutlet.com/,A,"no_ssl, no_viewport",HVAC,3,the-discount-a-c-outlet-mesa-az,pushed,2026-04-16
ChIJX8rSXK2pK4cRqujIPTF7iyY,Johnstone Supply,Owner,,(480) 962-7972,"709 E Auto Center Dr #135, Mesa, AZ 85204, USA",Mesa,AZ,4.8,30,http://www.johnstonesupply.com/450,A,"no_ssl, no_click_to_call",HVAC,3,johnstone-supply-mesa-az,pushed,2026-04-16
ChIJoVZOSO-nK4cRfGrAmLzwg4s,"Manny's Air, LLC.",Owner,info@mannysair.com,(602) 434-2002,"39 S Country Club Dr, Mesa, AZ 85210, USA",Mesa,AZ,4.2,175,http://www.mannysair.com/,A,"no_ssl, no_click_to_call",HVAC,3,manny-s-air-llc-mesa-az,pushed,2026-04-16
ChIJlzlFE_cMK4cR0RUC2ynarq4,Scottsdale Air Heating & Cooling,Owner,,(602) 834-2160,"4747 E Thomas Rd STE F, Phoenix, AZ 85018, USA",Scottsdale,AZ,4.9,410,https://www.scottsdaleair.com/,A,"no_viewport, no_click_to_call",HVAC,3,scottsdale-air-heating-cooling-scottsdale-az,,2026-04-16
ChIJkdlI-zqhK4cRWIO-0HLhD-w,Techcool AC Repair Scottsdale,Owner,,(602) 785-6230,"12932 E Appaloosa Pl, Scottsdale, AZ 85259, USA",Scottsdale,AZ,4.8,91,https://techcoollv.com/nearme/LandingPage.php?air-conditioning-repair-scottsdale-AZ,A,"no_viewport, no_click_to_call",HVAC,3,techcool-ac-repair-scottsdale-scottsdale-az,,2026-04-16
ChIJb7l5UB3SPI8ROJwMOQHWnHo,HOWLAIR Air Conditioning & Heating HVAC,Owner,,(480) 297-1064,"6914 E Grandview Dr, Scottsdale, AZ 85254, USA",Scottsdale,AZ,4.9,49,https://www.howlairscottsdale.com/,A,"no_viewport, no_click_to_call",HVAC,3,howlair-air-conditioning-heating-hvac-scottsdale-az,,2026-04-16
ChIJQVpHCb0NK4cRUUnYvYLcxqc,Airbender Heating and Cooling HVAC,Owner,,(480) 745-0423,"2735 Thomas Rd, Phoenix, AZ 85016, USA",Scottsdale,AZ,5,53,http://airbenderacrepair.com/,A,"no_ssl, no_click_to_call",HVAC,3,airbender-heating-and-cooling-hvac-scottsdale-az,,2026-04-16
ChIJl-ckdybpyIAREBPHxMOmA70,Vegas Knight & Day Heating and Cooling,Owner,,(702) 268-8020,"8414 Farm Rd Ste 180 PMB 1053, Las Vegas, NV 89131, USA",Las Vegas,NV,5,611,http://www.vkdac.com/,A,"no_ssl, no_click_to_call",HVAC,3,vegas-knight-day-heating-and-cooling-las-vegas-nv,,2026-04-16
ChIJXyp1MQDRyIARHEkdFAfWk28,Elite AC Repair Henderson,Owner,,(725) 302-7237,"1000 N Green Valley Pkwy, Henderson, NV 89074, USA",Henderson,NV,5,7,http://eliteacrepairhenderson.com/,A,"no_ssl, no_click_to_call",HVAC,3,elite-ac-repair-henderson-henderson-nv,,2026-04-16
ChIJv9yDcZNyIocRaE40hCkfKFE,Moore Quality Air,Owner,,(505) 221-6352,"3301-R Coors Blvd NW #200, Albuquerque, NM 87120, USA",Albuquerque,NM,4.9,391,http://www.moorequalityair.com/,A,"no_ssl, no_click_to_call",HVAC,3,moore-quality-air-albuquerque-nm,,2026-04-16
ChIJmdnrX39zIocRe5RFaa6RPSg,"Albuquerque Plumbing, Heating & Cooling",Owner,,(505) 508-3808,"4300 2nd St NW, Albuquerque, NM 87107, USA",Albuquerque,NM,4.6,3055,https://www.abqplumb.com/,A,"no_viewport, no_click_to_call",HVAC,3,albuquerque-plumbing-heating-cooling-albuquerque-nm,,2026-04-16
ChIJTfNUjTutK4cRxDM2BXxw_cs,State 48 Roofing,Owner,info@state48roofing.com,(480) 698-4828,"1381 N Pioneer St, Gilbert, AZ 85233, USA",Mesa,AZ,4.9,632,http://www.state48roofing.com/,A,"no_ssl, no_click_to_call",roofing,3,state-48-roofing-mesa-az,pushed,2026-04-16
ChIJfSnHn0WkK4cRATqllnA-ReQ,Red Mountain Roofing LLC,Owner,work_order@redmountainroofing.com,(480) 268-7379,"4735 E Virginia St #102, Mesa, AZ 85215, USA",Mesa,AZ,4.1,87,http://redmountainroofing.com/,A,"no_ssl, no_click_to_call",roofing,3,red-mountain-roofing-llc-mesa-az,pushed,2026-04-16
ChIJJ3-wtTOnK4cRtsE_xdvvu84,AEL Roofing Services LLC,Owner,armando@aelroofingservices.com,(480) 776-7232,"1021 E 3rd Ave, Mesa, AZ 85204, USA",Mesa,AZ,5,21,http://aelroofingservices.com/,A,"no_ssl, no_click_to_call",roofing,3,ael-roofing-services-llc-mesa-az,pushed,2026-04-16
ChIJI3ZsYlh2K4cRoQDgjRkIMZU,Ironwood Roofing,Owner,,(602) 909-0178,"20802 N Grayhawk Dr, Scottsdale, AZ 85255, USA",Scottsdale,AZ,4.9,230,http://ironwoodroofing.com/,A,"no_ssl, outdated_copyright",roofing,3,ironwood-roofing-scottsdale-az,,2026-04-16
ChIJf2AHWCB0K4cRzvjCUHKHdv4,Glendale Roofing Company,Owner,,(602) 536-4368,"17212 N Scottsdale Rd, Scottsdale, AZ 85255, USA",Scottsdale,AZ,4.8,17,http://roofing-scottsdale.pro/,A,"no_ssl, no_click_to_call",roofing,3,glendale-roofing-company-scottsdale-az,,2026-04-16
ChIJ__-b6TnDyIAR3-cn6HxP7Jw,Affordable Roofing,Owner,,(725) 888-5266,"1012 N Mojave Rd, Las Vegas, NV 89101, USA",Las Vegas,NV,5,20,http://las-vegas-roofing.company/,A,"no_ssl, no_click_to_call",roofing,3,affordable-roofing-las-vegas-nv,,2026-04-16
ChIJC49qxhLDyIARIuGy0zG9TUo,Roofing Las Vegas,Owner,,(725) 999-5306,"1710 S 8th St, Las Vegas, NV 89104, USA",Las Vegas,NV,5,9,http://roofing-las-vegas.pro/,A,"no_ssl, no_click_to_call",roofing,3,roofing-las-vegas-las-vegas-nv,,2026-04-16
ChIJgcriYLTsyIARxlil1xwf4AY,Roofing in Las Vegas,Owner,,(725) 677-6606,"7565 Norman Rockwell Ln, Las Vegas, NV 89143, USA",Las Vegas,NV,5,15,http://lasvegasroofingco.us/,A,"no_ssl, no_click_to_call",roofing,3,roofing-in-las-vegas-las-vegas-nv,,2026-04-16
ChIJ5dCf3CO_yIAR8wQ0i3iQ4iU,Commercial Roofing Replacement Las Vegas,Owner,,(702) 608-8948,"1980 Festival Plaza Dr #367c, Las Vegas, NV 89135, USA",Las Vegas,NV,5,17,http://commercialroofingreplacementlasvegas.com/,A,"no_ssl, no_click_to_call",roofing,3,commercial-roofing-replacement-las-vegas-las-vegas-nv,,2026-04-16
ChIJER-fX9rDyIAREmazoqgpNc0,The Roof Sharks,Owner,,(702) 903-3079,"2030 Sunrise Ave, Las Vegas, NV 89101, USA",Las Vegas,NV,5,17,https://roofsharksllc.com/-las-vegas-nv/,A,"no_viewport, no_click_to_call",roofing,3,the-roof-sharks-las-vegas-nv,,2026-04-16
ChIJNyUbN3TGyIARcCHpHwnLapY,Farrell Roofing (A.W. Farrell & Son) Las Vegas,Owner,,(702) 798-3973,"3953 W Oquendo Rd, Las Vegas, NV 89118, USA",Las Vegas,NV,4.4,13,http://awfarrell.com/,A,"no_ssl, no_click_to_call",roofing,3,farrell-roofing-a-w-farrell-son-las-vegas-las-vegas-nv,,2026-04-16
ChIJqaSusw_XyIARlcZQyX2eXAo,"Henderson Roofing & Patio, LLC",Owner,,(702) 568-7678,"420 Mark Leany Dr, Henderson, NV 89011, USA",Henderson,NV,3,6,http://www.hendersonsteelworks.com/,A,"no_ssl, no_click_to_call",roofing,3,henderson-roofing-patio-llc-henderson-nv,,2026-04-16
ChIJVVUV3ITRyIARok0FsVxeVIk,Roofing Pro in Henderson Nevada,Owner,,(702) 903-1242,"1575 W Horizon Ridge Pkwy, Henderson, NV 89012, USA",Henderson,NV,5,7,http://henderson-roofers.us/,A,"no_ssl, no_click_to_call",roofing,3,roofing-pro-in-henderson-nevada-henderson-nv,,2026-04-16
ChIJEf0dBt_QyIAR_RoR_Pm_po8,Westlake Royal Roofing Solutions,Owner,,(775) 208-0446,"430 Eastgate Rd, Henderson, NV 89011, USA",Henderson,NV,4.2,13,http://westlakeroyalroofing.com/,A,"no_ssl, no_click_to_call",roofing,3,westlake-royal-roofing-solutions-henderson-nv,,2026-04-16
ChIJ83B2cXTGyIAR7-Dvs8oof8k,Titan Roofing LLC,Owner,,(702) 597-0878,"4095 Ponderosa Way, Las Vegas, NV 89118, USA",Henderson,NV,3.4,37,http://www.titanroofing.net/,A,"no_ssl, no_click_to_call",roofing,3,titan-roofing-llc-henderson-nv,,2026-04-16
ChIJixikr0sNIocRXTJxKcdyPsQ,Zia Roofing and Gutters,Owner,,(505) 836-1425,"321 Aztec Rd NW, Albuquerque, NM 87107, USA",Albuquerque,NM,4.7,130,http://www.ziaroofingandgutters.com/,A,"no_ssl, no_click_to_call",roofing,3,zia-roofing-and-gutters-albuquerque-nm,,2026-04-16
ChIJZeqSxaIOIocR1XmkKtbrRV8,All Weather Roofing Inc.,Owner,,(505) 833-3310,"4420 Tower Rd SW, Albuquerque, NM 87121, USA",Albuquerque,NM,4.4,59,http://allweatherroofingnm.com/,A,"no_ssl, no_click_to_call",roofing,3,all-weather-roofing-inc-albuquerque-nm,,2026-04-16
ChIJ69sIDHt3IocRCD97u4AIYHg,TPC Roofing,Owner,,(505) 401-3079,"541 Quantum Rd NE, Rio Rancho, NM 87124, USA",Albuquerque,NM,4.8,51,http://www.tpcroofers.com/,A,"no_ssl, no_click_to_call",roofing,3,tpc-roofing-albuquerque-nm,,2026-04-16
ChIJe_4ZdNypK4cRyUZHSqvI9vw,Your Mesa Electrician - Electrical Contractor,Owner,,(480) 701-4348,"1740 S Robin Ln, Mesa, AZ 85204, USA",Mesa,AZ,5,29,http://www.yourmesaelectrician.com/,A,no_ssl,electrician,4,your-mesa-electrician-electrical-contractor-mesa-az,pushed,2026-04-16
ChIJo0p1h7CoK4cRCB3ZvvWbTj4,The Wire Guy Electric,Owner,office@thewireguyelectric.com,(602) 769-7892,"1321 N 65th St, Mesa, AZ 85205, USA",Mesa,AZ,5,418,http://thewireguyelectric.com/,A,no_ssl,electrician,4,the-wire-guy-electric-mesa-az,pushed,2026-04-16
ChIJ0ZsojCQNK4cReHOtLjn1idU,T&K Electric Company,Owner,info@tnkelectric.com,(602) 844-9765,"Val Vista Crossings, 3707 E Southern Ave 1031 Floor 1, Mesa, AZ 85206, USA",Mesa,AZ,4.8,326,http://tnkelectric.com/,A,no_ssl,electrician,4,t-k-electric-company-mesa-az,pushed,2026-04-16
ChIJn8Cl85CxK4cRbxbHaTTE07c,Burgess Electric LLC.,Owner,burgesselectricllc@gmail.com,(480) 714-2208,"7553 E Osage Ave, Mesa, AZ 85212, USA",Mesa,AZ,4.9,31,http://burgesselectricllc.com/,A,no_ssl,electrician,4,burgess-electric-llc-mesa-az,pushed,2026-04-16
ChIJJ5ErT9QHK4cRHDtYCDGoVZE,SD Electrical LLC,Owner,,(480) 382-7345,"505 W 8th Ave #16, Mesa, AZ 85210, USA",Mesa,AZ,4.9,36,http://www.sdephx.com/,A,no_ssl,electrician,4,sd-electrical-llc-mesa-az,pushed,2026-04-16
ChIJSWio0-EHK4cRwTZi1Lx2B1s,Electrical Contractors in Mesa Arizona,Owner,,(480) 939-3263,"1111 S San Jose, Mesa, AZ 85202, USA",Mesa,AZ,5,27,http://www.yourmesaelectrician.com/about-us/,A,no_ssl,electrician,4,electrical-contractors-in-mesa-arizona-mesa-az,pushed,2026-04-16
ChIJEXpMF8anK4cRmvSDjEtcLN0,Look Electric,Owner,info@lookelectric.com,(480) 739-2228,"148 W Orion St # C-3, Tempe, AZ 85283, USA",Mesa,AZ,4.8,65,http://www.lookelectric.com/,A,no_ssl,electrician,4,look-electric-mesa-az,pushed,2026-04-16
ChIJncntchanK4cROXHBSXvGLVE,Triple-R Electric,Owner,triplerelectricinc04@gmail.com,(480) 370-4755,"1724 N Spencer, Mesa, AZ 85203, USA",Mesa,AZ,5,11,https://triplerelectric.mobirisesite.com/,A,no_click_to_call,electrician,4,triple-r-electric-mesa-az,pushed,2026-04-16
ChIJC93nHI2nK4cRlEZ2_2pd4Qk,Black out electric Az llc,Owner,,(480) 939-0234,"1422 E Main St unit B, Mesa, AZ 85203, USA",Mesa,AZ,5,53,https://blackoutelectric.net/,A,no_click_to_call,electrician,4,black-out-electric-az-llc-mesa-az,pushed,2026-04-16
ChIJhTJW1mylK4cRtOfztpC1Nz0,Myres Electrical Service,Owner,,(480) 721-4497,"1815 W 1st Ave STE 108, Mesa, AZ 85202, USA",Mesa,AZ,5,5,https://myreselectricalservice.com/,A,no_click_to_call,electrician,4,myres-electrical-service-mesa-az,pushed,2026-04-16
ChIJrTXSaTUJK4cRM126ogK-ST4,J Duran Electric LLC,Owner,,(480) 648-9308,"1558 W 1st Pl, Mesa, AZ 85201, USA",Mesa,AZ,5,1,https://jduranelectric.com/,A,no_click_to_call,electrician,4,j-duran-electric-llc-mesa-az,pushed,2026-04-16
ChIJY6G8-GobNSwR03kkHKZWzDE,W C Electrical Services,Owner,,(480) 318-9547,"1955 W Baseline Rd, Mesa, AZ 85202, USA",Mesa,AZ,5,2,https://wcelectrical.com/,A,no_click_to_call,electrician,4,w-c-electrical-services-mesa-az,pushed,2026-04-16
ChIJmxYFXxwFZC0RFxpZ4JybkXI,Ignite Electric LLC,Owner,,(480) 725-7664,"7820 E Evans Rd, Scottsdale, AZ 85260, USA",Scottsdale,AZ,4.9,799,http://www.ignite-electric.com/,A,no_ssl,electrician,4,ignite-electric-llc-scottsdale-az,pushed,2026-04-16
ChIJL8-xQ9pnK4cRwEJTCH-i7Tg,Unique Electrical Contractors,Owner,info@uniqueelectrical.com,(480) 840-1050,"7655 E Redfield Rd #195, Scottsdale, AZ 85260, USA",Scottsdale,AZ,4.8,16,http://www.uniqueelectrical.com/,A,no_ssl,electrician,4,unique-electrical-contractors-scottsdale-az,pushed,2026-04-16
ChIJe6M5rK-uuWkRMAP3luNEMg4,Sandoval Electrical Services LLC,Owner,sandoval.electric@protonmail.com,(602) 802-9997,"11605 N Saguaro Blvd Suite D, Fountain Hills, AZ 85268, USA",Scottsdale,AZ,4.9,111,http://sandovalelectrical.com/,A,no_ssl,electrician,4,sandoval-electrical-services-llc-scottsdale-az,pushed,2026-04-16
ChIJt0KFyKm46k8RyMdc2qIgE6Y,Sparks by Rabbit LLC,Owner,sparksbyrabbit@gmail.com,(602) 784-6382,"8044 E Indianola Ave, Scottsdale, AZ 85251, USA",Scottsdale,AZ,5,65,http://www.sparksbyrabbit.com/,A,no_ssl,electrician,4,sparks-by-rabbit-llc-scottsdale-az,pushed,2026-04-16
ChIJd1Y6XRkVK4cRQTRNGXQEPCM,Vale City Electric,Owner,valecityelectricco@gmail.com,(602) 730-5167,"2048 N 77th Ln, Phoenix, AZ 85035, USA",Scottsdale,AZ,5,106,http://valecityelectric.com/,A,no_ssl,electrician,4,vale-city-electric-scottsdale-az,pushed,2026-04-16
ChIJt4ZosUt0K4cRNrESZHRHuHw,Consolidated Electrical Distributors,Owner,,(480) 948-3211,"14855 N 78th Way, Scottsdale, AZ 85260, USA",Scottsdale,AZ,4.4,39,https://cedscottsdale.portalced.com/,A,no_click_to_call,electrician,4,consolidated-electrical-distributors-scottsdale-az,pushed,2026-04-16
ChIJG6IRop6-bAQRIqWuuG_zxxM,Innovative Electric & Design,Owner,,(480) 591-8607,"6620 E Latham St Unit 78, Scottsdale, AZ 85257, USA",Scottsdale,AZ,4.3,6,https://www.modernied.us/,A,no_click_to_call,electrician,4,innovative-electric-design-scottsdale-az,pushed,2026-04-16
ChIJs2Yv1pcLK4cRenzXecoQOF0,"Energy Systems Design, Inc.",Owner,,(480) 481-4900,"7135 E Camelback Rd UNIT 275, Scottsdale, AZ 85251, USA",Scottsdale,AZ,5,1,https://esdengineers.com/,A,no_click_to_call,electrician,4,energy-systems-design-inc-scottsdale-az,pushed,2026-04-16
ChIJCT4MlYPEyIARjzuUr5pH4Tc,PDQ Electric,Owner,,(702) 382-1100,"3111 S Valley View Blvd Ste. A-104, Las Vegas, NV 89102, USA",Las Vegas,NV,4.9,162,http://pdqelectricnv.com/,A,no_ssl,electrician,4,pdq-electric-las-vegas-nv,pushed,2026-04-16
ChIJfycxtIHFyIARzE-BMy31EY4,Johnny B 1 Electric,Owner,,(702) 551-1329,"1405 E Vegas Valley Dr, Las Vegas, NV 89169, USA",Las Vegas,NV,4.8,19,https://www.johnnyb1electrician.com/,A,no_click_to_call,electrician,4,johnny-b-1-electric-las-vegas-nv,pushed,2026-04-16
ChIJpQbb1V31OEYRYXmDuN7ugtA,S & M Electrical,Owner,snmelectric13@gmail.com,(702) 600-4491,"2516 Losee Rd, North Las Vegas, NV 89030, USA",Las Vegas,NV,5,38,https://www.smelectriclv.net/,A,no_click_to_call,electrician,4,s-m-electrical-las-vegas-nv,pushed,2026-04-16
ChIJa40CoA_CyIARNPCEwfErdBg,"Renegade Electric, Inc",Owner,,(702) 396-3324,"7495 W Azure Dr, Las Vegas, NV 89130, USA",Las Vegas,NV,4.8,87,http://www.renegadeelectriclv.com/,A,no_ssl,electrician,4,renegade-electric-inc-las-vegas-nv,pushed,2026-04-16
ChIJG2VT4mXGyIARRAijkcmZIEk,Allstate Electric,Owner,,(702) 868-1304,"4535 W Russell Rd # 6, Las Vegas, NV 89118, USA",Las Vegas,NV,4.5,75,http://allstateelectriclv.com/,A,no_ssl,electrician,4,allstate-electric-las-vegas-nv,pushed,2026-04-16
ChIJ0enBo7HByIAR1YpCMxV-l8k,Renew Electric,Owner,renewelectriclv@gmail.com,(725) 577-2578,"100 S Jones Blvd, Las Vegas, NV 89107, USA",Las Vegas,NV,4.7,72,http://renewelectriclv.com/,A,no_ssl,electrician,4,renew-electric-las-vegas-nv,pushed,2026-04-16
ChIJ695DmGTCyIARQ-lKXJ4UOw8,Adamik Electric,Owner,,(702) 750-1811,"580 W Cheyenne Ave Suite 120, North Las Vegas, NV 89030, USA",Las Vegas,NV,4.9,25,http://www.adamikelectric.com/,A,no_ssl,electrician,4,adamik-electric-las-vegas-nv,pushed,2026-04-16
ChIJy5aTTKjGyIARC9OXLVPc110,Swift Electrical Services,Owner,,(702) 292-2416,"3111 S Valley View Blvd, Las Vegas, NV 89102, USA",Las Vegas,NV,5,7,https://usmapol.org/details/swift-electrical-services-ChIJy5a,A,no_click_to_call,electrician,4,swift-electrical-services-las-vegas-nv,pushed,2026-04-16
ChIJnSUuSC3XyIARppEwqgPkOV0,National Technical Institute,Owner,,(702) 948-9000,"1870 Whitney Mesa Dr, Henderson, NV 89014, USA",Henderson,NV,4.9,1052,http://www.ntitraining.com/,A,no_ssl,electrician,4,national-technical-institute-henderson-nv,pushed,2026-04-16
ChIJwfouD_fPyIARwj5hsCJZuNw,Helix Electric,Owner,,(702) 732-1188,"3078 E Sunset Rd suite 9, Las Vegas, NV 89120, USA",Henderson,NV,4,58,http://www.helixelectric.com/,A,no_ssl,electrician,4,helix-electric-henderson-nv,pushed,2026-04-16
ChIJu0kuPxALIocRjeB3DYb9wu8,McDonald Electric,Owner,,(505) 220-5521,"209 Washington St SE, Albuquerque, NM 87108, USA",Albuquerque,NM,5,981,http://www.mcdonaldelectricabq.com/,A,no_ssl,electrician,4,mcdonald-electric-albuquerque-nm,pushed,2026-04-16
ChIJ_-uJyIR1IocRyX7BSyWyE_Q,First Class Electric,Owner,,(505) 796-5600,"3535 Princeton Dr NE, Albuquerque, NM 87107, USA",Albuquerque,NM,5,167,http://firstclasselectricnm.com/,A,no_ssl,electrician,4,first-class-electric-albuquerque-nm,pushed,2026-04-16
ChIJ6T_AkD91IocRuB6XEOy1trw,Abq Electrical Works LLC,Owner,abqelectricalworks@outlook.com,(505) 203-7567,"5716 Aztec Rd NE, Albuquerque, NM 87110, USA",Albuquerque,NM,4.9,53,http://abqelectrician.com/,A,no_ssl,electrician,4,abq-electrical-works-llc-albuquerque-nm,pushed,2026-04-16
ChIJs648wPp0IocRwEPzIJdb-mQ,"Kimbrough Electric, Inc.",Owner,,(505) 292-3800,"4600 Lincoln Rd NE #11, Albuquerque, NM 87109, USA",Albuquerque,NM,4.7,175,http://www.kimbroughelectric.com/,A,no_ssl,electrician,4,kimbrough-electric-inc-albuquerque-nm,pushed,2026-04-16
ChIJ56McbuOfGIcRqXr48df0404,"Watt Electric, LLC",Owner,wattelectricllc@gmail.com,(505) 237-8915,"2621 Rhode Island St NE, Albuquerque, NM 87110, USA",Albuquerque,NM,4.7,23,http://wattelectricllc.com/,A,no_ssl,electrician,4,watt-electric-llc-albuquerque-nm,pushed,2026-04-16
ChIJl-GRJWBzIocRtUbMdIZjeFI,Conway Electric,Owner,office@conwayelectric.com,(505) 344-6096,"567 Comanche Rd NE, Albuquerque, NM 87107, USA",Albuquerque,NM,4.4,21,http://www.conwayelectric.com/,A,no_ssl,electrician,4,conway-electric-albuquerque-nm,pushed,2026-04-16
ChIJbwYzATwMIocRhz2lhwg2WSw,DRB Electric Inc,Owner,info@drbelectric.com,(505) 877-8500,"3601 2nd St SW, Albuquerque, NM 87105, USA",Albuquerque,NM,4,12,http://www.drbelectric.com/,A,no_ssl,electrician,4,drb-electric-inc-albuquerque-nm,pushed,2026-04-16
ChIJkxy8S5ELIocRPHWZynKbKv8,Zema Electric LLC,Owner,,(505) 313-3623,"2424 Washington St NE, Albuquerque, NM 87110, USA",Albuquerque,NM,5,10,https://zemaelectric.com/,A,no_click_to_call,electrician,4,zema-electric-llc-albuquerque-nm,pushed,2026-04-16
ChIJrzzD7_sKIocRM3z0Paa3biQ,US Electrical Corporation,Owner,,(505) 260-1000,"301 California St SE, Albuquerque, NM 87108, USA",Albuquerque,NM,4.5,11,http://www.uselectricalcorp.com/,A,no_ssl,electrician,4,us-electrical-corporation-albuquerque-nm,pushed,2026-04-16
ChIJ7XNvD650IocR1wN9feTnQ0U,Alderete Electric Services Corporation,Owner,frankx311@yahoo.com,(505) 837-9838,"2230 Phoenix Ave NE suite d, Albuquerque, NM 87107, USA",Albuquerque,NM,4,4,http://aesc-abq.com/,A,no_ssl,electrician,4,alderete-electric-services-corporation-albuquerque-nm,pushed,2026-04-16
ChIJF_0wkFptIocRt34atP0T4RY,Elks Electric,Owner,,(505) 352-9000,"8115 Oakdale Pl NW, Albuquerque, NM 87120, USA",Albuquerque,NM,4.6,9,https://www.elkselectric.com/,A,no_click_to_call,electrician,4,elks-electric-albuquerque-nm,pushed,2026-04-16
ChIJXdh4PqkTGIcR8CxL5M0y2XA,"B&D Industries, Inc.",Owner,,(505) 299-4464,"9720 Bell Ave SE, Albuquerque, NM 87123, USA",Albuquerque,NM,4,172,https://banddindustries.com/,A,no_click_to_call,electrician,4,b-d-industries-inc-albuquerque-nm,pushed,2026-04-16
ChIJc1JTbRN1IocRUjERV3fh7n0,"Alpha & Omega Electric, LLC",Owner,elizabeth@electrical.team,(505) 554-3313,"3211 Claremont Ave NE, Albuquerque, NM 87107, USA",Albuquerque,NM,3.3,7,http://www.electrical.team/,A,no_ssl,electrician,4,alpha-omega-electric-llc-albuquerque-nm,pushed,2026-04-16
ChIJZxUHy0R0IocRrf6fmfDSbdU,Cordray Electric,Owner,deanna@cordrayelectric.com,(505) 343-1168,"7108 Washington St NE, Albuquerque, NM 87109, USA",Albuquerque,NM,5,7,http://www.cordrayelectric.com/,A,no_ssl,electrician,4,cordray-electric-albuquerque-nm,pushed,2026-04-16
ChIJdSC4A1evK4cRJDFdFuIcd4U,ASAP Air Conditioning And Heating,Owner,,(480) 654-2727,"3653 E Main St, Mesa, AZ 85205, USA",Mesa,AZ,4.9,393,http://www.asapairconditioningandheating.com/,A,no_ssl,HVAC,4,asap-air-conditioning-and-heating-mesa-az,pushed,2026-04-16
ChIJd2A_WMipK4cRATOOUNeHdfE,Precision Air & Plumbing,Owner,,(602) 490-8566,"3045 N Colorado St Ste 3, Chandler, AZ 85225, USA",Mesa,AZ,4.7,4918,http://precisionairandplumbing.com/,A,no_ssl,HVAC,4,precision-air-plumbing-mesa-az,pushed,2026-04-16
ChIJH14L802pK4cRRvVMB0hY5Sc,Heath's Air LLC,Owner,info@heathsair.com,(480) 470-7777,"555 W 2nd Ave B2, Mesa, AZ 85210, USA",Mesa,AZ,4.9,283,https://www.heathsair.com/?utm_source=gmb&utm_medium=organic&utm_campaign=tmg,A,no_click_to_call,HVAC,4,heath-s-air-llc-mesa-az,pushed,2026-04-16
ChIJfzUVWdMLK4cRdmSO6iaLkW8,Alan's Air,Owner,alansairaz@gmail.com,(602) 469-1824,"2451 W Birchwood Ave # 113, Mesa, AZ 85202, USA",Mesa,AZ,4.8,170,https://www.alansairllc.com/,A,no_click_to_call,HVAC,4,alan-s-air-mesa-az,pushed,2026-04-16
ChIJhUuN61-oK4cRc8rEhFH0yy8,HVAC Mesa,Owner,,(602) 962-7901,"1818 E Southern Ave, Mesa, AZ 85204, USA",Mesa,AZ,4.9,37,https://www.hvacmesa.net/,A,no_click_to_call,HVAC,4,hvac-mesa-mesa-az,pushed,2026-04-16
ChIJAQBAv22oK4cRetW-YrCPT24,Reece HVAC,Owner,,(480) 282-5900,"1265 S Pima, Mesa, AZ 85210, USA",Mesa,AZ,4.5,30,https://www.reece.com/hvac,A,no_click_to_call,HVAC,4,reece-hvac-mesa-az,pushed,2026-04-16
ChIJLwp-lTUPK4cRrHQgc6zm0zM,Universal HVAC LLC,Owner,universal@dontsweatitaz.com,(480) 275-5137,"3321 N Reseda Cir #60, Mesa, AZ 85215, USA",Mesa,AZ,5,27,http://dontsweatitaz.com/,A,no_ssl,HVAC,4,universal-hvac-llc-mesa-az,pushed,2026-04-16
ChIJhcugTOCnK4cR2IyQYGdHpj8,Hughes Air,Owner,,(480) 247-6927,"220 W 6th Ave, Mesa, AZ 85210, USA",Mesa,AZ,4.7,232,http://www.hughesairco.com/,A,no_ssl,HVAC,4,hughes-air-mesa-az,pushed,2026-04-16
ChIJH-sfGnCoK4cRR6E4_t7PzrA,Peavler Air Conditioning & Heating,Owner,,(480) 247-2170,"645 W 2nd Ave, Mesa, AZ 85210, USA",Mesa,AZ,4.9,148,http://peavlerac.com/,A,no_ssl,HVAC,4,peavler-air-conditioning-heating-mesa-az,pushed,2026-04-16
ChIJX3yE0V-oK4cR5-5iM5pZmV8,Baseline Mechanical LLC,Owner,info@baselinemechanical.com,(602) 819-0050,"920 E Isabella Ave #109A, Mesa, AZ 85204, USA",Mesa,AZ,4.6,23,http://www.baselinemechanical.com/,A,no_ssl,HVAC,4,baseline-mechanical-llc-mesa-az,pushed,2026-04-16
ChIJs0gACrOnK4cRwVnLwdPMDnA,Aloha Air Conditioning and Heating,Owner,,(480) 832-8192,"236 W Mahoney Ave, Mesa, AZ 85210, USA",Mesa,AZ,4.8,163,http://www.aloha-ac.com/,A,no_ssl,HVAC,4,aloha-air-conditioning-and-heating-mesa-az,pushed,2026-04-16
ChIJ0Y5q84ipK4cRzkGBaAT6thE,Ultimate Air LLC,Owner,,(480) 963-3398,"550 W Baseline Rd Suite#102-225, Mesa, AZ 85210, USA",Mesa,AZ,5,32,http://ultimateairaz.com/,A,no_ssl,HVAC,4,ultimate-air-llc-mesa-az,pushed,2026-04-16
ChIJh5IuqM6pK4cRQLl6qZBxIes,AC Pro,Owner,,(480) 682-5405,"954 E Juanita Ave, Mesa, AZ 85204, USA",Mesa,AZ,5,20,http://store.acpro.com/,A,no_ssl,HVAC,4,ac-pro-mesa-az,pushed,2026-04-16
ChIJE__FPgAPK4cR157dHyriQJo,Varsity Zone HVAC of Scottsdale,Owner,,(480) 771-2701,"1403 W 10th Pl Ste B-121, Tempe, AZ 85281, USA",Scottsdale,AZ,5,30,http://www.varsityzone.com/scottsdale-az,A,no_ssl,HVAC,4,varsity-zone-hvac-of-scottsdale-scottsdale-az,pushed,2026-04-16
ChIJDSJGQg50K4cRNkN0kkKuZm0,Desert Comfort Mechanical,Owner,info@desertcomfortmechanical.com,(480) 483-3099,"7335 E Acoma Dr Ste 103, Scottsdale, AZ 85260, USA",Scottsdale,AZ,4.4,22,https://www.desertcomfortmechanical.com/,A,outdated_copyright,HVAC,4,desert-comfort-mechanical-scottsdale-az,pushed,2026-04-16
ChIJRbwATc11K4cRFVV9dq63W1g,AZ Home Services Group AC Repair & Plumbing Services of Scottsdale,Owner,,(480) 923-3969,"15333 N Pima Rd #305, Scottsdale, AZ 85260, USA",Scottsdale,AZ,5,28,https://azhomeservices.group/service-areas/scottsdale-arizona-air-conditioner-plumbing-services/,A,no_click_to_call,HVAC,4,az-home-services-group-ac-repair-plumbing-services-of-scotts,pushed,2026-04-16
ChIJ1fBMZfkKK4cRrXeAAUqRjvU,Ice Cold Air LLC,Owner,,(602) 380-1345,"8584 E McDonald Dr, Scottsdale, AZ 85250, USA",Scottsdale,AZ,4.3,18,http://www.icecoldairllc.com/,A,no_ssl,HVAC,4,ice-cold-air-llc-scottsdale-az,pushed,2026-04-16
ChIJu3xdXiJ1K4cRyHVy59ejMQ0,Arizona Air Plumbing & Electrical,Owner,info@arizona-air.com,(602) 376-2075,"8260 E Raintree Dr #7, Scottsdale, AZ 85260, USA",Scottsdale,AZ,4,9,http://www.arizona-air.com/,A,no_ssl,HVAC,4,arizona-air-plumbing-electrical-scottsdale-az,pushed,2026-04-16
ChIJnz3fGSfIyIARJfwej5KpVlg,Infinity Heating and Cooling,Owner,admin@infinitycools.vegas,(702) 291-2000,"5166 W Patrick Ln #110, Las Vegas, NV 89118, USA",Las Vegas,NV,4.9,548,http://infinitycools.vegas/,A,no_ssl,HVAC,4,infinity-heating-and-cooling-las-vegas-nv,pushed,2026-04-16
ChIJKQcKC5VD4wkR5iLgA1ghUCI,Top Tech Air Conditioning and Heating Services,Owner,,(702) 900-7540,"455 E Pebble Rd #230871, Las Vegas, NV 89105, USA",Las Vegas,NV,5,111,http://www.toptechnv.com/,A,no_ssl,HVAC,4,top-tech-air-conditioning-and-heating-services-las-vegas-nv,pushed,2026-04-16
ChIJ0eYVSVjDyIARzmMTUYqWdOs,King Cooling & Heating,Owner,702coolers@gmail.com,(702) 934-0101,"3005 Contract Ave, Las Vegas, NV 89101, USA",Las Vegas,NV,4.9,209,http://kingcoolingandheating.com/,A,no_ssl,HVAC,4,king-cooling-heating-las-vegas-nv,pushed,2026-04-16
ChIJGSf82BS_yIARhzkAMls2x4E,Air Tech Air Conditioning Repair and Installation,Owner,acairtech1llc@gmail.com,(702) 688-2885,"3024 Cloverbrook St, Las Vegas, NV 89117, USA",Las Vegas,NV,4.9,99,http://www.airtech1llc.com/,A,no_ssl,HVAC,4,air-tech-air-conditioning-repair-and-installation-las-vegas-,pushed,2026-04-16
ChIJH2I3SEDHyIAR2qnTtXvcYG8,Hot Cold Air Inc.,Owner,lvhotcoldair@gmail.com,(702) 409-2886,"5818 Spring Mountain Rd # 204, Las Vegas, NV 89146, USA",Las Vegas,NV,5,684,http://vegashotcoldair.com/,A,no_ssl,HVAC,4,hot-cold-air-inc-las-vegas-nv,pushed,2026-04-16
ChIJn1lAgZzCyIARJD9bPxwmUbI,Hal Mechanical,Owner,,(725) 215-3764,"3805 Rockbottom St, North Las Vegas, NV 89030, USA",Las Vegas,NV,5,102,http://www.halmechanical.com/,A,no_ssl,HVAC,4,hal-mechanical-las-vegas-nv,pushed,2026-04-16
ChIJdViDwZxWmKoRgpFCpeNN3Mc,Blue Collar HVAC,Owner,,(725) 205-0302,"3125 W Ali Baba Ln Suite 701, Las Vegas, NV 89118, USA",Las Vegas,NV,5,87,http://www.bluecollarac.com/,A,no_ssl,HVAC,4,blue-collar-hvac-las-vegas-nv,pushed,2026-04-16
ChIJ6bN6NvDWyIARqAEGZSB-8Iw,Evolution Air Conditioning,Owner,,(702) 912-1525,"121 Industrial Park Rd Suite 105, Henderson, NV 89015, USA",Henderson,NV,4.9,184,http://www.evolution-ac.com/,A,no_ssl,HVAC,4,evolution-air-conditioning-henderson-nv,pushed,2026-04-16
ChIJa9za3sHPyIARtEo23uju4ug,Flamingo Cooling and Heating LLC,Owner,,(702) 955-4883,"118 Corporate Park Dr suite 129, Henderson, NV 89074, USA",Henderson,NV,5,305,http://www.flamingocoolsvegas.com/,A,no_ssl,HVAC,4,flamingo-cooling-and-heating-llc-henderson-nv,pushed,2026-04-16
ChIJ_yEoj0TRyIARKZVl812vRdw,PrimeTemp HVAC Repair Henderson,Owner,info@primetemphvachenderson.com,(702) 609-7341,"2366 Corporate Cir, Henderson, NV 89074, USA",Henderson,NV,5,8,http://primetemphvachenderson.com/,A,no_ssl,HVAC,4,primetemp-hvac-repair-henderson-henderson-nv,pushed,2026-04-16
ChIJazBweCzVyIARIp1TsNnD3A8,Cool Camel HVAC & Refrigeration,Owner,coolcamelhvac@outlook.com,(725) 777-6900,"1023 Santa Ynez Ave, Henderson, NV 89002, USA",Henderson,NV,5,44,https://coolcamelhvac.com/,A,no_click_to_call,HVAC,4,cool-camel-hvac-refrigeration-henderson-nv,pushed,2026-04-16
ChIJvy044U0ANEIR9M-vDuG2DPA,Carlson HVAC & Refrigeration,Owner,carlsonhvacr@gmail.com,(702) 292-9987,"213 N Stephanie St, Henderson, NV 89074, USA",Henderson,NV,5,45,https://carlsonhvacr.com/,A,no_click_to_call,HVAC,4,carlson-hvac-refrigeration-henderson-nv,pushed,2026-04-16
ChIJ30XxtOnQyIAR3tMCitwAHWY,Johnstone Supply,Owner,,(702) 558-2323,"671 Middlegate Rd, Henderson, NV 89011, USA",Henderson,NV,4.2,14,https://www.johnstonesupply.com/store205,A,no_click_to_call,HVAC,4,johnstone-supply-henderson-nv,pushed,2026-04-16
ChIJdYLyys--GIcRLceoeQ_LJp8,Air Care New Mexico,Owner,scott@aircarenm.com,(505) 595-2273,"5445 Edith Blvd NE Suite C, Albuquerque, NM 87107, USA",Albuquerque,NM,4.9,550,http://www.aircarenm.com/,A,no_ssl,HVAC,4,air-care-new-mexico-albuquerque-nm,pushed,2026-04-16
ChIJHaXLYhd0IocRz5Lzk8tsm0E,Anderson Air Corps Heating & Cooling,Owner,service@aac-nm.com,(505) 884-2121,"8524 Paseo Alameda NE, Albuquerque, NM 87113, USA",Albuquerque,NM,4.8,879,http://andersonaircorps.com/?utm_source=gbp&utm_medium=organic,A,no_ssl,HVAC,4,anderson-air-corps-heating-cooling-albuquerque-nm,pushed,2026-04-16
ChIJAVr6a-J0IocRtAlWN0ff3bg,MGP Mechanical,Owner,,(505) 917-4130,"6133 Edith Blvd NE, Albuquerque, NM 87107, USA",Albuquerque,NM,4.9,590,http://www.mgpmechanical.com/,A,no_ssl,HVAC,4,mgp-mechanical-albuquerque-nm,pushed,2026-04-16
ChIJ1bd0Ryx7IocRbba80QoiPNo,Budget Climate Control - HVAC & Plumbing Albuquerque,Owner,budgetclimatecontrol@yahoo.com,(505) 369-3727,"136 Unser Blvd NE, Rio Rancho, NM 87124, USA",Albuquerque,NM,4.5,238,http://albuquerquehvacservice.com/,A,no_ssl,HVAC,4,budget-climate-control-hvac-plumbing-albuquerque-albuquerque,pushed,2026-04-16
ChIJR1CvxXgKIocRjJYxHqWVbrE,"Air Conditioning Systems, Inc.",Owner,info@acsincnm.com,(505) 292-5771,"10011 Southern Blvd SE, Albuquerque, NM 87123, USA",Albuquerque,NM,4.7,19,https://acsincnm.com/,A,outdated_copyright,HVAC,4,air-conditioning-systems-inc-albuquerque-nm,pushed,2026-04-16
ChIJG3TY2lxzIocRoYbIoKzouO4,Johnstone Supply,Owner,,(505) 884-4822,"2501 Phoenix Ave NE, Albuquerque, NM 87107, USA",Albuquerque,NM,4.1,28,https://www.johnstonesupply.com/storefront/store38/home.ep,A,no_click_to_call,HVAC,4,johnstone-supply-albuquerque-nm,pushed,2026-04-16
ChIJITaMq_N1IocR4P3b3mhLfVg,"Gustafson's Heating, Cooling & Plumbing",Owner,mgustafsonhcp@outlook.com,(505) 456-2426,"7216 Washington St NE Suite B, Albuquerque, NM 87109, USA",Albuquerque,NM,4.9,228,http://www.gustafsonsheatingcoolingplumbing.com/,A,no_ssl,HVAC,4,gustafson-s-heating-cooling-plumbing-albuquerque-nm,pushed,2026-04-16
ChIJWXh5mYMNIocRR9wuEj5X_Sw,Tech Air Heating and Cooling,Owner,techair505@gmail.com,(505) 278-9555,"3240-B Juan Tabo Blvd NE, Albuquerque, NM 87111, USA",Albuquerque,NM,4.9,71,https://www.techairabq.com/,A,no_click_to_call,HVAC,4,tech-air-heating-and-cooling-albuquerque-nm,pushed,2026-04-16
ChIJ4euNDmpzIocR-NKDGvoQN98,Homerun Plumbing Heating and Cooling,Owner,service@homerunplumb.com,(505) 321-6269,"7134 Jefferson St NE, Albuquerque, NM 87109, USA",Albuquerque,NM,5,227,http://www.homerunplumb.com/,A,no_ssl,HVAC,4,homerun-plumbing-heating-and-cooling-albuquerque-nm,pushed,2026-04-16
ChIJvxgenLUKIocRCKdAEhRYMoY,Brothers Electro Mechanical Inc,Owner,vince@brothersmech.com,(505) 299-0457,"2620 Tennessee St NE, Albuquerque, NM 87110, USA",Albuquerque,NM,4.5,79,http://www.brothersmech.com/,A,no_ssl,HVAC,4,brothers-electro-mechanical-inc-albuquerque-nm,pushed,2026-04-16
ChIJQ8C-0st1IocRJ06heExo4gE,R & R Heating & Air Conditioning,Owner,,(505) 944-7266,"731 Rankin Rd NE A, Albuquerque, NM 87107, USA",Albuquerque,NM,3.9,70,http://rr-heating-air.com/,A,no_ssl,HVAC,4,r-r-heating-air-conditioning-albuquerque-nm,pushed,2026-04-16
ChIJC3IoFrChGIcRJJ0cXoJL0TU,White Polar Albuquerque Furnace HVAC and Cooling Experts,Owner,whitepolarnm@gmail.com,(505) 305-8573,"11305 Campo Del Oso Ave, Albuquerque, NM 87123, USA",Albuquerque,NM,4.1,33,http://www.whitepolar.org/,A,no_ssl,HVAC,4,white-polar-albuquerque-furnace-hvac-and-cooling-experts-alb,pushed,2026-04-16
ChIJG6eN2l1zIocRmkmUCvkMq2U,Albuquerque Winair,Owner,,(505) 344-2133,"4019 Edith Blvd NE Bldg 4, Albuquerque, NM 87107, USA",Albuquerque,NM,4.7,40,https://www.winsupplyinc.com/Location/Albuquerque-NM/87107/HVAC-Supplies,A,no_click_to_call,HVAC,4,albuquerque-winair-albuquerque-nm,pushed,2026-04-16
ChIJN22lpDRzIocR_QuGJReaGJI,Gorman Industries Inc.,Owner,biz@gormanindustries.com,(505) 247-1596,"1330 12th St NW, Albuquerque, NM 87104, USA",Albuquerque,NM,4.4,28,http://www.gormanindustries.com/,A,no_ssl,HVAC,4,gorman-industries-inc-albuquerque-nm,pushed,2026-04-16
ChIJp_yBP_KnK4cRb0SKHcOyZz8,Johnson Roofing Llc,Owner,,(480) 467-4572,"1121 S Horne, Mesa, AZ 85204, USA",Mesa,AZ,4.9,640,https://johnsonroofingaz.com/?utm_source=google&utm_medium=gmb,A,no_click_to_call,roofing,4,johnson-roofing-llc-mesa-az,pushed,2026-04-16
ChIJi99G0L6lK4cRxKjSE8328zU,GOAT Roofing,Owner,,(480) 909-5548,"10105 E Brown Rd, Mesa, AZ 85207, USA",Mesa,AZ,4.9,134,http://goatroofaz.com/,A,no_ssl,roofing,4,goat-roofing-mesa-az,pushed,2026-04-16
ChIJi4F2pzWlK4cRRi9lRJ0h3OU,Romco Roofing,Owner,office@romcoroofing.com,(480) 788-1152,"7526 E Lockwood Cir, Mesa, AZ 85207, USA",Mesa,AZ,4.9,168,http://romcoroofing.com/,A,no_ssl,roofing,4,romco-roofing-mesa-az,pushed,2026-04-16
ChIJ6d2h4TMHK4cRYCdbk7ywfS8,Mesa Roofing - Roof Repair & Replacement,Owner,,(480) 506-0680,"2353 W Jacinto Ave, Mesa, AZ 85202, USA",Mesa,AZ,5,28,http://www.roofing-mesa.com/?utm_source=Googlemybusineess&utm_medium=GMB&utm_campaign=GMB,A,no_ssl,roofing,4,mesa-roofing-roof-repair-replacement-mesa-az,pushed,2026-04-16
ChIJA-6Oq02vK4cRib08d08_JX0,Redemption Roofing AZ,Owner,in**@*****************az.com,(480) 920-2000,"4140 E Baseline Rd STE 101, Mesa, AZ 85206, USA",Mesa,AZ,5,28,http://redemptionroofingaz.com/,A,no_ssl,roofing,4,redemption-roofing-az-mesa-az,pushed,2026-04-16
ChIJvcRZo4SvK4cR-uUOLbXOU68,All About Roofing LLC,Owner,,(480) 210-8162,"3740 E Southern Ave #100, Mesa, AZ 85206, USA",Mesa,AZ,4.5,153,http://www.allaboutroofing.com/,A,no_ssl,roofing,4,all-about-roofing-llc-mesa-az,pushed,2026-04-16
ChIJ-YjL6MyuK4cRcIVPVD_h-ug,Roof Rite AZ,Owner,hello@roofriteaz.com,(602) 833-2332,"2929 N Power Rd, Mesa, AZ 85215, USA",Mesa,AZ,4.6,50,http://roofriteaz.com/,A,no_ssl,roofing,4,roof-rite-az-mesa-az,pushed,2026-04-16
ChIJ35BqYwymYgIRhXAaCWtuK_E,Weather-Tite Roofing & Construction,Owner,,(480) 702-1121,"1220 W Houston Ave ste 2, Gilbert, AZ 85233, USA",Mesa,AZ,5,136,http://www.roofweathertite.com/,A,no_ssl,roofing,4,weather-tite-roofing-construction-mesa-az,pushed,2026-04-16
ChIJN5AXyIWoK4cRCsUquyLXDRw,Customer 1st Roofing,Owner,,(602) 647-6916,"10520 E Contessa St, Mesa, AZ 85207, USA",Mesa,AZ,4.9,35,http://www.customer1stroofing.com/,A,no_ssl,roofing,4,customer-1st-roofing-mesa-az,pushed,2026-04-16
ChIJOwebeXKlK4cResK1wLpgHDM,Patriotic Roofing,Owner,john@patrioticroofing.com,(602) 228-1293,"3820 E Dartmouth St, Mesa, AZ 85205, USA",Mesa,AZ,4.4,9,http://www.patrioticroofing.com/,A,no_ssl,roofing,4,patriotic-roofing-mesa-az,pushed,2026-04-16
ChIJR2iQmocLK4cR4z3-7IkZS7o,Sampson Roofing,Owner,sampsonroofingaz@gmail.com,,"3010 N 67th Pl suite#106, Scottsdale, AZ 85251, USA",Scottsdale,AZ,4.8,96,https://sampsonroofing.com/?utm_source=google&utm_medium=organic&utm_campaign=gmb,A,no_click_to_call,roofing,4,sampson-roofing-scottsdale-az,pushed,2026-04-16
ChIJq6qqqi51K4cRW2z7cZDXCkU,Circle G Roofing,Owner,,(602) 791-6415,"7349 N Vía Paseo Del Sur #515, Scottsdale, AZ 85258, USA",Scottsdale,AZ,4.9,97,https://circlegroofing.com/,A,outdated_copyright,roofing,4,circle-g-roofing-scottsdale-az,pushed,2026-04-16
ChIJGYXZUaJ1K4cRmPjgN8uQAKg,Arizona Roofers,Owner,,(480) 613-8932,"4836 E McDowell Rd C100, Phoenix, AZ 85008, USA",Scottsdale,AZ,5,643,http://arizonaroofers.com/?utm_source=google&utm_medium=organic&utm_campaign=gmb,A,no_ssl,roofing,4,arizona-roofers-scottsdale-az,pushed,2026-04-16
ChIJq9gRqEkQzAERDbONaV5PZ9c,Boost Roofing,Owner,wesley@boostroofing.com,(480) 602-4277,"1979 E Rio Salado Pkwy, Tempe, AZ 85288, USA",Scottsdale,AZ,5,64,http://boostroofing.com/,A,no_ssl,roofing,4,boost-roofing-scottsdale-az,pushed,2026-04-16
ChIJxWiRdHp1K4cRgn-oKilS52M,Mastercraft Expert Roofing,Owner,,(480) 407-6000,"16099 N 82nd St Suite B2A, Scottsdale, AZ 85260, USA",Scottsdale,AZ,5,3,https://www.mastercraftexpertroofing.com/,A,no_click_to_call,roofing,4,mastercraft-expert-roofing-scottsdale-az,pushed,2026-04-16
ChIJCwjOMkp1K4cRku-ryxFzVwc,Triangle Roofing Company,Owner,,(602) 843-7663,"9419 E San Salvador Dr, Scottsdale, AZ 85258, USA",Scottsdale,AZ,5,1,http://www.triangleroofing.com/,A,no_ssl,roofing,4,triangle-roofing-company-scottsdale-az,pushed,2026-04-16
ChIJ1S62kPDlyGARDc50L3--n4w,Sky Shield Roofing Company,Owner,admin@skyshieldcontracting.com,(602) 856-2915,"1211 N Miller Rd UNIT 218, Scottsdale, AZ 85257, USA",Scottsdale,AZ,5,36,http://www.skyshieldroofingcompany.com/,A,no_ssl,roofing,4,sky-shield-roofing-company-scottsdale-az,pushed,2026-04-16
ChIJx-VAbe0JK4cR52zqVEjeEZI,Pivot Roofing,Owner,,(480) 270-4466,"8201 E Palm Ln, Scottsdale, AZ 85257, USA",Scottsdale,AZ,5,29,https://pivotroofing.com/,A,no_click_to_call,roofing,4,pivot-roofing-scottsdale-az,pushed,2026-04-16
ChIJgzqFGvQPK4cR6BgjWdOK6Lk,Next Gen Roofing,Owner,generalmailbox@thenextgenaz.com,(602) 908-4210,"4914 E McDowell Rd #101, Phoenix, AZ 85008, USA",Scottsdale,AZ,4.9,87,http://nextgen-az.com/,A,no_ssl,roofing,4,next-gen-roofing-scottsdale-az,pushed,2026-04-16
ChIJRxMTvOYLK4cRQcowOxkn1G0,Roofing Repair Guy Scottsdale,Owner,,(480) 613-3209,"8402 E Indian School Rd, Scottsdale, AZ 85251, USA",Scottsdale,AZ,5,6,https://roofingrepairguy.com/scottsdale-az,A,outdated_copyright,roofing,4,roofing-repair-guy-scottsdale-scottsdale-az,pushed,2026-04-16
ChIJewewQ3N1K4cRmmG3dMSJUDI,CANYON SUNRISE ROOFING CO.,Owner,dave@canyonsunriseroofing.com,(480) 686-9499,"15333 N Pima Rd Suite 305, Scottsdale, AZ 85260, USA",Scottsdale,AZ,4.7,12,http://canyonsunriseroofing.com/,A,no_ssl,roofing,4,canyon-sunrise-roofing-co-scottsdale-az,pushed,2026-04-16
ChIJxTVGQg_CyIARKV2Cl-HTnSA,Discount Roofing NV LLC,Owner,discountroofingnv@gmail.com,(702) 355-8287,"3660 N Rancho Dr #125, Las Vegas, NV 89130, USA",Las Vegas,NV,4.7,78,http://www.discountroofingnv.com/,A,no_ssl,roofing,4,discount-roofing-nv-llc-las-vegas-nv,pushed,2026-04-16
ChIJAfJ2JPjIyIARcGw1N5x34KE,Las Vegas Roofing Repair,Owner,contact@dandlroofing.com,(702) 276-5374,"3301 W Martin Ave, Las Vegas, NV 89118, USA",Las Vegas,NV,4.6,128,http://www.dandlroofing.com/,A,no_ssl,roofing,4,las-vegas-roofing-repair-las-vegas-nv,pushed,2026-04-16
ChIJf9sQ7G7HyIARvF-6KPSvWPU,Vegas Born Roofing,Owner,,(702) 876-2630,"4205 W Tompkins Ave STE 6, Las Vegas, NV 89103, USA",Las Vegas,NV,4.5,67,https://vegasbornroofing.com/,A,outdated_copyright,roofing,4,vegas-born-roofing-las-vegas-nv,pushed,2026-04-16
ChIJ12BJVILGyIARUAGC0lkzCf0,Commercial Roofers Inc,Owner,,(702) 876-1777,"3865 W Naples Dr #3801, Las Vegas, NV 89103, USA",Las Vegas,NV,4.8,28,http://www.commroof.com/,A,no_ssl,roofing,4,commercial-roofers-inc-las-vegas-nv,pushed,2026-04-16
ChIJhd6WRgLHyIARtkBAGa5Xucc,"Cooper Roofing and Solar, INC",Owner,,(702) 688-7940,"5795 S Rogers St, Las Vegas, NV 89118, USA",Las Vegas,NV,4.7,47,https://coopersolar.com/,A,no_click_to_call,roofing,4,cooper-roofing-and-solar-inc-las-vegas-nv,pushed,2026-04-16
ChIJVRTJfH3GyIARpITBT4acMAk,"The Roof Doctor, LLC",Owner,theroofdoctoroffice@gmail.com,(702) 251-7663,"5000 W Oakey Blvd, Las Vegas, NV 89146, USA",Las Vegas,NV,4.1,63,https://theroofdoctorlv.com/,A,no_click_to_call,roofing,4,the-roof-doctor-llc-las-vegas-nv,pushed,2026-04-16
ChIJG3wgyejFyIARGoMh-jRmYfc,A Step Above Inc.,Owner,,(702) 810-7479,"3400 W Desert Inn Rd #14, Las Vegas, NV 89102, USA",Las Vegas,NV,4.9,41,http://astepabovelasvegas.com/,A,no_ssl,roofing,4,a-step-above-inc-las-vegas-nv,pushed,2026-04-16
ChIJFc8yNgXEyIARMzbklH1OOl4,First Quality Roofing & Insulation,Owner,,(702) 262-7847,"3141 Westwood Dr, Las Vegas, NV 89109, USA",Las Vegas,NV,4.3,110,http://www.firstqualityroof.com/,A,no_ssl,roofing,4,first-quality-roofing-insulation-las-vegas-nv,pushed,2026-04-16
ChIJb_OZW5fGyIARH2CG_mRO6NU,One Roofing Company,Owner,,(702) 463-7663,"3625 W Teco Ave #10, Las Vegas, NV 89118, USA",Las Vegas,NV,4.2,29,http://www.oneroofingcompany.com/,A,no_ssl,roofing,4,one-roofing-company-las-vegas-nv,pushed,2026-04-16
ChIJ_QFTvvzAyIARSwPvUprzkNA,All State Roofing,Owner,asrlv@hotmail.com,(702) 248-7663,"1810 E Sahara Ave #327, Las Vegas, NV 89104, USA",Las Vegas,NV,4.4,32,http://www.roof.vegas/,A,no_ssl,roofing,4,all-state-roofing-las-vegas-nv,pushed,2026-04-16
ChIJRzlzuojHyIAR7M6wCTk1ceQ,Cedar Roofing Solutions,Owner,,(702) 200-0631,"3610 Ala Dr, Las Vegas, NV 89103, USA",Las Vegas,NV,5,2,https://www.cedarroofingsolutions.com/locations/las-vegas-nv,A,no_click_to_call,roofing,4,cedar-roofing-solutions-las-vegas-nv,pushed,2026-04-16
ChIJIcm2-wjCyIARf-ZgqH-uNDA,Prestige Roofing,Owner,,(702) 646-7536,"3405 Bunkerhill Dr, North Las Vegas, NV 89032, USA",Las Vegas,NV,3.5,21,https://www.prestigeroofinglv.com/,A,no_click_to_call,roofing,4,prestige-roofing-las-vegas-nv,pushed,2026-04-16
ChIJZZz3_9CM5igR0NuXsAw4IjU,Desert Bloom Roofing,Owner,contact@desertbloomroofing.com,(702) 927-9174,"4724 San Rafael Ave, Las Vegas, NV 89120, USA",Las Vegas,NV,5,5,https://www.desertbloomroofing.com/,A,no_click_to_call,roofing,4,desert-bloom-roofing-las-vegas-nv,pushed,2026-04-16
ChIJCTJH0tXQyIARfM1uDGPkf64,C and C Roofing,Owner,,(702) 568-8493,"1605 Palm St, Henderson, NV 89011, USA",Henderson,NV,3.6,16,http://www.candcroofs.com/,A,no_ssl,roofing,4,c-and-c-roofing-henderson-nv,pushed,2026-04-16
ChIJxxjFNf0NIocRsGgZdFB-Nck,Ridgeview Roofing & Restoration,Owner,,(505) 576-7757,"2500 Central Ave SW C103, Albuquerque, NM 87104, USA",Albuquerque,NM,5,275,http://ridgeviewroofs.com/,A,no_ssl,roofing,4,ridgeview-roofing-restoration-albuquerque-nm,pushed,2026-04-16
ChIJ6bXNFXp1IocRkDriZ6ycAt8,INVigorate Roofing,Owner,,(505) 916-5990,"2420 Midtown Pl NE STE F, Albuquerque, NM 87107, USA",Albuquerque,NM,4.8,278,http://invroofing.com/,A,no_ssl,roofing,4,invigorate-roofing-albuquerque-nm,pushed,2026-04-16
ChIJvU9lA2QMIocReEt7mlAzq9c,Doyle Roof Masters Inc,Owner,,(505) 242-9447,"2905 Broadway Blvd SE, Albuquerque, NM 87102, USA",Albuquerque,NM,4.7,295,http://www.doyleroofmasters.com/,A,no_ssl,roofing,4,doyle-roof-masters-inc-albuquerque-nm,pushed,2026-04-16
ChIJ5XMAFWF1IocRFZrnwK-gHK4,Altitude Roofing,Owner,,(505) 887-7663,"8612 Paseo Alameda NE F, Albuquerque, NM 87113, USA",Albuquerque,NM,4.9,116,http://altituderoofingnm.com/,A,no_ssl,roofing,4,altitude-roofing-albuquerque-nm,pushed,2026-04-16
ChIJITnqIzkNIocRxhaPBuQIies,"Gonzales and Sons Roofing, Inc.",Owner,gonzalesandsonsroofing@gmail.com,(505) 818-0151,"418 Old Coors Dr SW, Albuquerque, NM 87121, USA",Albuquerque,NM,4.7,155,https://gonzalesandsonsroofinginc.com/,A,no_click_to_call,roofing,4,gonzales-and-sons-roofing-inc-albuquerque-nm,pushed,2026-04-16
ChIJ9Q_wQ2IMIocRIqXZ3Ob6HvE,"Sundance Roofing, Inc.",Owner,luis@sundanceroofingabq.com,(505) 873-6125,"2504 Broadway Blvd SE, Albuquerque, NM 87102, USA",Albuquerque,NM,4.6,90,http://albuquerqueroofersnm.com/,A,no_ssl,roofing,4,sundance-roofing-inc-albuquerque-nm,pushed,2026-04-16
ChIJb0XQ2Lp0IocRis6zAyIAtlM,Platinum Roofing LLC,Owner,info@platinumroofingnm.com,(505) 605-4245,"2700 Broadbent Pkwy NE Suite B, Albuquerque, NM 87107, USA",Albuquerque,NM,4.7,52,http://platinumroofingnm.com/,A,no_ssl,roofing,4,platinum-roofing-llc-albuquerque-nm,pushed,2026-04-16
ChIJbQaUMG9zIocR5Ha20fUG4Zg,ABQ Star Roofing,Owner,abqstarroofing@gmail.com,(505) 227-4277,"4508 4th St NW, Albuquerque, NM 87107, USA",Albuquerque,NM,4.9,44,http://www.abqstarroofing.com/,A,no_ssl,roofing,4,abq-star-roofing-albuquerque-nm,pushed,2026-04-16
ChIJ7xY4eaJ1IocRYqkC6vIVUTM,BMC ROOFING INC.,Owner,hello@bmcroofing.com,(505) 897-3766,"6020 Midway Park Blvd NE suite a, Albuquerque, NM 87109, USA",Albuquerque,NM,4.6,48,https://www.bmcroofing.com/,A,no_click_to_call,roofing,4,bmc-roofing-inc-albuquerque-nm,pushed,2026-04-16
ChIJ7cWZHbt0IocRV0ZA3V6cjs0,Goodrich Roofing,Owner,info@goodrichroofing.com,(505) 884-0662,"3401 Vassar Dr NE, Albuquerque, NM 87107, USA",Albuquerque,NM,4.1,119,http://goodrichroofing.com/,A,no_ssl,roofing,4,goodrich-roofing-albuquerque-nm,pushed,2026-04-16
ChIJiRtQdwZzIocRw8vv72BoMV0,FLAT ROOFING EXPERTS LLC,Owner,,(505) 460-0660,"3412 Bryn Mawr Dr NE, Albuquerque, NM 87107, USA",Albuquerque,NM,4.9,35,http://www.flatroofingexperts.com/,A,no_ssl,roofing,4,flat-roofing-experts-llc-albuquerque-nm,pushed,2026-04-16
ChIJ5560cl3o_EER-lAABHJx3Fk,Cabezon Roofing,Owner,randy@cabezonroofing.com,(505) 554-5090,"7410 Montgomery Blvd NE suite 101, Albuquerque, NM 87109, USA",Albuquerque,NM,4.9,62,http://www.cabezonroofing.com/?utm_source=google&utm_medium=organic&utm_campaign=gbp,A,no_ssl,roofing,4,cabezon-roofing-albuquerque-nm,pushed,2026-04-16
ChIJD8f-a_xxIocRzxL6IgO5jHE,RVAM Roofing,Owner,,(505) 288-6728,"10600 Pisces Ct NW, Albuquerque, NM 87114, USA",Albuquerque,NM,4.8,93,https://topusabiz.top/details/rvam-roofing-ChIJD8f,A,no_click_to_call,roofing,4,rvam-roofing-albuquerque-nm,pushed,2026-04-16
ChIJq6qqqpqfGIcRaF5-OCQoZcM,Hollywood Roofing NM,Owner,,(505) 821-9391,"9980 Radcliffe Rd NW, Albuquerque, NM 87114, USA",Albuquerque,NM,4.6,133,http://hollywood-roofingnm.com/,A,no_ssl,roofing,4,hollywood-roofing-nm-albuquerque-nm,pushed,2026-04-16
ChIJ0VL4_wd0IocRrhF-onLbCh0,Crego Roofing HVAC,Owner,,(505) 897-0214,"8601 4th St NW, Albuquerque, NM 87114, USA",Albuquerque,NM,4.5,33,http://www.cregoroofing.com/,A,no_ssl,roofing,4,crego-roofing-hvac-albuquerque-nm,pushed,2026-04-16
ChIJlcyjn4ZxIocRiY4E0qsm0VU,DNA Roofing & Construction,Owner,,(505) 610-3989,"8805 Suncrest Ave SW, Albuquerque, NM 87121, USA",Albuquerque,NM,4.8,41,https://www.dna-roofing-and-construction.com/,A,no_click_to_call,roofing,4,dna-roofing-construction-albuquerque-nm,pushed,2026-04-16
ChIJAQBcaSYLIocRW-E9hkXIgw0,Capital Construction & Development,Owner,,(505) 595-8083,"1905 San Mateo Blvd NE, Albuquerque, NM 87110, USA",Albuquerque,NM,4.7,43,https://www.capitalnm.com/,A,no_click_to_call,roofing,4,capital-construction-development-albuquerque-nm,pushed,2026-04-16
ChIJrSHm3bJ1IocRjFBvnszCKfg,Cornerstone Roofing Inc,Owner,cornerstone@swcp.com,(505) 821-5113,"5911 Coronado Ave NE, Albuquerque, NM 87109, USA",Albuquerque,NM,5,8,http://www.cornerstoneabq.com/,A,no_ssl,roofing,4,cornerstone-roofing-inc-albuquerque-nm,pushed,2026-04-16
